fixture_id,direction_index,epsilon,jvp_cosine,jvp_norm_relative_error,fisher_relative_error,utility_relative_error,local_kl_relative_error,q_finite,u_finite,local_kl_q
G12_1_FIXTURE_00,0,0.0001,0.5265401366403548,1.1435334624016753,1.160559057762453,0.5656253288913745,8.849300103711117,2.398998286941211e-05,0.0014932709780080327,0.00010936268551179193
G12_1_FIXTURE_00,0,0.0003,0.9112212226017907,0.12759323282511276,0.6125087908017103,3.7528111305199108,1.1605801704571093,1.7904652098782233e-05,-0.0026255917640612414,2.3990217296321808e-05
G12_1_FIXTURE_00,0,0.001,0.9888790382166921,0.011774898945425582,0.18045090279944062,1.2938383759576286,0.5992827837737122,1.3107254270414963e-05,0.0021878301352495936,1.7757795811335504e-05
G12_1_FIXTURE_00,0,0.003,0.9983777479922837,0.006284122085397863,0.012826680526850827,0.34394034965648385,0.019545545862374655,1.1246022009084161e-05,0.0006257402825705317,1.1320625600095477e-05
G12_1_FIXTURE_00,0,0.01,0.9997536028207901,0.001450304284596254,0.008832127889340055,0.09474492966706227,0.037077434682773795,1.1005531270814592e-05,0.001044152008546542,1.0691906691249748e-05
G12_1_FIXTURE_00,0,0.03,0.9999807440489216,0.0004280137474137647,0.0002883840018267413,0.02111287952646351,0.004273876336950141,1.1100397582737746e-05,0.0009739228154585339,1.1056144271307878e-05
G12_1_FIXTURE_00,0,0.1,0.9999986248201789,0.00021901652928454693,0.001196588837973235,0.011316948332648102,0.002077823305280903,1.1090313239806784e-05,0.000942991710889538,1.1080528365054719e-05
G12_1_FIXTURE_01,1,0.0001,0.12624518906013532,0.6951203169383054,12.454674589317626,6.545991325669825,42.087131389974914,2.9859571168690903e-05,-0.004329365205316875,9.562202769401512e-05
G12_1_FIXTURE_01,1,0.0003,0.8846245057360682,0.24942701664063896,1.2562795964125006,2.4062183539561874,5.511812307680773,5.007296218002482e-06,-0.001954251282156176,1.4451477198320905e-05
G12_1_FIXTURE_01,1,0.001,0.9822141058201583,0.029008053126475395,0.13232803151201472,0.05984519954753004,0.5056913996526621,2.5129429343524125e-06,-0.0006080654922480844,3.341537486288225e-06
G12_1_FIXTURE_01,1,0.003,0.9963628809031024,0.047187319290182675,0.049229093656042486,0.39931662683534364,0.049405545874119404,2.3285238588496085e-06,-0.0008028305962708695,2.328915454166802e-06
G12_1_FIXTURE_01,1,0.01,0.9997506203137156,0.009507319253630155,0.0009052027014192508,0.031566696551276155,0.009445332989005366,2.217262261243494e-06,-0.000591841253225445,2.198309396466331e-06
G12_1_FIXTURE_01,1,0.03,0.9999755666258331,0.0018070117257806073,0.0016926708345358168,0.027085482112281227,0.00028190065881833574,2.2230276470370456e-06,-0.0005892702439262757,2.2186455374853e-06
G12_1_FIXTURE_01,1,0.1,0.9999978314438823,0.000660634609146602,0.0003352928510231952,0.01315403370552386,0.0020042128946628312,2.2185270457334253e-06,-0.0005812773473817612,2.2148232596264407e-06
G12_1_FIXTURE_02,0,0.0001,0.2189137372727155,2.549174746268438,14.616256044432964,22.42994284379163,70.08852635410858,5.489805440253944e-05,-0.013536019975661312,0.0002499076459863411
G12_1_FIXTURE_02,0,0.0003,0.566499743842213,0.8837699400926691,4.5656913739768,0.10284810905930561,10.837989304048774,1.9565869499510847e-05,-0.0005183054008257382,4.161577390773035e-05
G12_1_FIXTURE_02,0,0.001,0.8660818317127404,0.15448890409203755,0.9594337950325789,1.9436695174875176,2.520798714671634,6.88827736762296e-06,-0.00170062597489496,1.237716638536664e-05
G12_1_FIXTURE_02,0,0.003,0.9743793003326796,0.039973260347304085,0.056140098040858094,1.2108757433800932,0.4965018563128626,3.7128000715395327e-06,0.00012182779504866452,5.260866630747402e-06
G12_1_FIXTURE_02,0,0.01,0.9974976450705808,0.0009499050495908356,0.020984941948664904,0.10896440971677004,0.06346909752257286,3.4416714073388553e-06,-0.0005147718724501653,3.738564749777297e-06
G12_1_FIXTURE_02,0,0.03,0.9996967535100165,0.0012673898964321334,0.009085458487252665,0.07417565028542467,0.01030094545819119,3.483503360437473e-06,-0.0005348701435270811,3.5516551540196477e-06
G12_1_FIXTURE_02,0,0.1,0.999971977668353,0.0001507793038953235,0.0015161022622585212,0.04501892387637763,0.00012530654099167487,3.5101129990505686e-06,-0.0006037316062972353,3.5150022618131464e-06
G12_1_FIXTURE_03,1,0.0001,0.5238656218438739,5.128308676016088,148.86358686712373,11.483275566338866,443.44720592730835,0.002391317842436165,0.021587720273715236,0.007091879727242986
G12_1_FIXTURE_03,1,0.0003,0.6958482980707635,0.6937955235017617,14.848117213381132,1.1793402218046054,39.09207814899842,0.0002528825464118919,-0.0003101386748669945,0.0006397344666723515
G12_1_FIXTURE_03,1,0.001,0.924829784977947,0.10924499062561158,0.9552786117762467,0.657053261691933,3.481568124102253,3.1199657828956466e-05,0.0028655942185969244,7.151072546235645e-05
G12_1_FIXTURE_03,1,0.003,0.9891849647463982,0.0007007342471129695,0.7605932424625421,2.0559543184654108,0.5370309272484464,2.809313537721561e-05,-0.0018260949482138589,2.452583417721287e-05
G12_1_FIXTURE_03,1,0.01,0.9987592330176076,0.008180785366579214,0.10996405061640077,0.49356442012772817,0.5002411286842613,1.7711285938025275e-05,0.0008757949447514902,2.393879296483236e-05
G12_1_FIXTURE_03,1,0.03,0.9998760807322301,0.00013915280884848724,0.07897302137262037,0.17214968586813104,0.36598059449415915,1.7216773543551346e-05,0.0014316275335759055,2.1796447264615877e-05
G12_1_FIXTURE_03,1,0.1,0.9999888426414466,0.0003744583258266347,0.02314313584972791,0.010210258836124177,0.0030203175962445652,1.558734378098113e-05,0.001711674467850062,1.6004824333482355e-05
G12_1_FIXTURE_04,0,0.0001,0.2528551561339505,4.225398760376052,76.75369905248998,15.483051640760923,332.47971755351614,0.0002199167645231767,0.018111942563163376,0.0009432063221707715
G12_1_FIXTURE_04,0,0.0003,0.5570684762079462,2.0786629601563003,17.370524701822006,5.2355786078183835,54.12929287546045,5.195876729016424e-05,0.006851792013659137,0.00015592641722983886
G12_1_FIXTURE_04,0,0.001,0.7479892113150695,0.6082870596624644,4.553249376448839,1.3638008095894116,9.772730639175434,1.5706682130126488e-05,-0.00039975239484304494,3.0469342245027073e-05
G12_1_FIXTURE_04,0,0.003,0.8928866318075036,0.038511583577407235,1.1626735253639837,1.0654527216065486,2.3843738124040135,6.116855792248623e-06,0.002269565240465407,9.572284635080965e-06
G12_1_FIXTURE_04,0,0.01,0.9875619278453036,0.0006496217590643493,0.3811181662205032,0.08306263594703613,1.2211018155914433,3.906322686131668e-06,0.001190093235288528,6.282113017307069e-06
G12_1_FIXTURE_04,0,0.03,0.9985012648991771,0.005417003314883082,0.06359052991103216,0.05528313912394192,0.1316410289354482,3.0082348616960718e-06,0.0010380758305899038,3.2007073196242058e-06
G12_1_FIXTURE_04,0,0.1,0.9998624612649769,9.993364950141297e-05,0.002687501144853734,0.02487677770234938,0.009023521595178824,2.835978143377395e-06,0.0011261573243004166,2.853898797113078e-06
G12_1_FIXTURE_05,1,0.0001,-0.3199127881999428,2.266808908546983,4.689966951654728,0.658306972428407,19.67308601311484,2.2574906710993197e-05,-0.0011974852373106762,8.202033371014298e-05
G12_1_FIXTURE_05,1,0.0003,0.5875933660282417,0.027891940131432442,0.8016465894569759,0.12400739565622061,2.736667375009913,7.148021074418061e-06,-0.0030699725398266116,1.4825203400580197e-05
G12_1_FIXTURE_05,1,0.001,0.9797279493088075,0.002309382780279291,0.018818376497829074,0.07271788640430599,0.28740292982142207,4.042155253326272e-06,-0.0032497199306193852,5.1077627141096074e-06
G12_1_FIXTURE_05,1,0.003,0.9973925758522559,0.0006052177719862667,0.034443799962252795,0.1293100308934008,0.001763228686127758,3.830837916155951e-06,-0.00305138911288198,3.974489065796064e-06
G12_1_FIXTURE_05,1,0.01,0.9996689125976524,0.012928494817956515,0.00440119807720822,0.011905102589482509,0.010403236464873228,3.984955192122646e-06,-0.003546286649517193,4.008768240217404e-06
G12_1_FIXTURE_05,1,0.03,0.9999513104414706,0.004748887380660432,0.0010411980171906978,0.0023814212859240634,0.0015297636122740025,3.97162441383372e-06,-0.0035129102945856503,3.973562794640659e-06
G12_1_FIXTURE_05,1,0.1,0.9999967216772522,0.00094477183923309,6.141311050808572e-05,0.0011214619171619651,0.0009873919519571622,3.967737123616899e-06,-0.0035084946857731826,3.963575996382885e-06
G12_1_FIXTURE_06,0,0.0001,0.29921468506281745,2.7476414874337594,18.127959956265812,8.62604455726577,50.11047291393308,4.6306702590807514e-05,0.005446509316264244,0.00012373287448909235
G12_1_FIXTURE_06,0,0.0003,0.5316081152778995,0.7821338147173991,2.832745730118153,1.1410332344869185,7.65690310197315,9.278658938881266e-06,0.00010072571957424922,2.0957417216319215e-05
G12_1_FIXTURE_06,0,0.001,0.8305475171029517,0.18904531836620245,0.49490609968794913,0.12128766276112438,1.4976418755242602,3.61900444781922e-06,-0.0008008219274855974,6.046518278618742e-06
G12_1_FIXTURE_06,0,0.003,0.9744190695714475,0.019576343405514007,0.0764646551771571,0.018513969372807845,0.2555425449099757,2.606003397684657e-06,-0.0007009758164212515,3.0395314163237096e-06
G12_1_FIXTURE_06,0,0.01,0.9955250654165156,0.0004552704478664074,0.01204401379964796,0.17811508017395072,0.045095357617508186,2.4500480585999893e-06,-0.0008414079817676048,2.530061753311789e-06
G12_1_FIXTURE_06,0,0.03,0.99966964701715,0.0004559143031281453,0.002406738399270505,0.06817157582182434,0.008562839814818137,2.426717267090004e-06,-0.000665510430123414,2.4416205164705128e-06
G12_1_FIXTURE_06,0,0.1,0.999973002386944,0.00015782448030012567,0.0011257457521198547,0.020847062027020948,0.0030993576431068088,2.4236161237548945e-06,-0.0007290874046249533,2.4283940226565323e-06
G12_1_FIXTURE_07,1,0.0001,-0.35093429404565474,3.8659723653521745,72.54101921802881,11.084992921471667,239.12375901489847,0.00023392712798497796,0.024448913729596292,0.0007638112974852754
G12_1_FIXTURE_07,1,0.0003,0.6218287315435502,0.9108332198010726,10.70970986058636,2.903229402043806,31.423058588689287,3.724749570172963e-05,0.007896547357329493,0.00010313472748663458
G12_1_FIXTURE_07,1,0.001,0.8690139255554509,0.2759258064566528,2.5710767800159484,0.6482041057344922,5.742109694439492,1.1359262406825331e-05,0.003334449614635091,2.1446022561967178e-05
G12_1_FIXTURE_07,1,0.003,0.9694771576235129,0.07054665957207529,0.4366385765368446,0.4047773407906749,1.1785599583825987,4.569813414814663e-06,0.001204183365225962,6.929796182136383e-06
G12_1_FIXTURE_07,1,0.01,0.9962923804288363,0.05089086419810961,0.07734497610453975,0.10038197428915083,0.24391732223569432,3.4269339586117152e-06,0.002226161333632136,3.95678506683008e-06
G12_1_FIXTURE_07,1,0.03,0.9995475811986387,0.0013804760398697202,0.019554399265591972,0.058856972553657017,0.027169752270876056,3.2431075198666826e-06,0.0021421529116455065,3.2673312480126906e-06
G12_1_FIXTURE_07,1,0.1,0.999945239162885,0.006141879953237749,0.0010205197081203587,0.01522193744629251,0.0008161747098558373,3.184152976383337e-06,0.0019922853120912373,3.178310622622786e-06
G12_1_FIXTURE_08,0,0.0001,0.20812676179038525,5.299682627703811,160.2446678337898,8.224431747301761,570.8367148957619,0.00011384278301636359,0.0038388011340036382,0.00040373107482706105
G12_1_FIXTURE_08,0,0.0003,0.6123541474965092,2.126765559147074,23.45717702790605,14.684860418239023,79.20921985994266,1.726738090000418e-05,0.0065273462484924435,5.662972261408167e-05
G12_1_FIXTURE_08,0,0.001,0.7430239432176713,0.6160602559358905,6.048047895958039,0.13905805351949066,12.209718646814713,4.976098732986119e-06,0.00035828601815254585,9.326392951900159e-06
G12_1_FIXTURE_08,0,0.003,0.8987675728724779,0.18155120713679576,1.6273054326508152,0.3714372855784369,2.8699117971635504,1.8549435854541905e-06,0.00026158004384602954,2.7322548704127347e-06
G12_1_FIXTURE_08,0,0.01,0.9864048795660655,0.018342262882469294,0.25809933933198553,0.09238650278700951,0.6657612707313614,8.882497140819428e-07,0.0003777086565096418,1.1760692706837735e-06
G12_1_FIXTURE_08,0,0.03,0.9984000854072068,0.008926764518936805,0.036417624569427806,0.4263265352052786,0.06941433860582892,7.31736858857339e-07,0.0005935741160865664,7.550333672427892e-07
G12_1_FIXTURE_08,0,0.1,0.9998311662309133,0.0015476885197065666,0.003613572635344231,0.1450143565950543,0.020611415234791524,7.034738287770778e-07,0.0003558072678482107,6.91472925226023e-07
G12_1_FIXTURE_09,1,0.0001,0.26748656384529473,2.8895949502349634,22.921959489932814,0.08468764993493025,75.27044372773062,5.676466993136664e-05,0.0009904948931347985,0.0001809829401954088
G12_1_FIXTURE_09,1,0.0003,0.5115907434591409,0.8220405656114838,3.1955133782432372,5.425968794518889,10.533848441529111,9.955577937034591e-06,-0.004789512004107983,2.73687905916459e-05
G12_1_FIXTURE_09,1,0.001,0.8404658230497347,0.20737548712011328,0.5215804199090196,0.11575229434438664,1.4550198488356332,3.6105742235084916e-06,0.0009568786400137436,5.825542487552292e-06
G12_1_FIXTURE_09,1,0.003,0.9486220212511618,0.11376560462262532,0.04215261879777991,0.600827511451039,0.3832755193588899,2.4729349386725966e-06,0.0017323173611382178,3.2823890665641994e-06
G12_1_FIXTURE_09,1,0.01,0.9938210095349542,0.013039633795072756,0.01824579242248884,0.28136704313846117,0.13931107357591052,2.4162061782685425e-06,0.0013866168334445133,2.703483260554137e-06
G12_1_FIXTURE_09,1,0.03,0.9996358021728348,0.0005536465240196111,0.0015402680459118074,0.009685164740041606,0.026934118096607954,2.3692556267385357e-06,0.0010926193657038305,2.4368227978792872e-06
G12_1_FIXTURE_09,1,0.1,0.9998980767111529,0.0031280589875923048,0.0004251844161409238,0.005004386948480383,0.008630991636102925,2.371901620442206e-06,0.0010767232337125093,2.393391116094195e-06
G12_1_FIXTURE_10,0,0.0001,0.06199975136372148,6.706095748709435,58.2881408343409,13.791505019216377,194.76102344030826,0.00012516510004945114,-0.019171177301416074,0.00041327738970854726
G12_1_FIXTURE_10,0,0.0003,0.3081886857852019,1.9215690229547486,12.233584547167823,2.922396814647663,30.61162664861635,2.793784575716904e-05,0.0058786643688255105,6.673632123590182e-05
G12_1_FIXTURE_10,0,0.001,0.6034694472301576,0.6138469734010602,3.138763414342872,1.320135205008744,6.285272995243059,8.73747649272181e-06,0.0034772861607495847,1.538017401970873e-05
G12_1_FIXTURE_10,0,0.003,0.8873382581634297,0.12209633423761611,0.4902230244043764,0.6098869166878289,1.4153643834300493,3.1460577329746696e-06,0.002412806582860032,5.0991533965051156e-06
G12_1_FIXTURE_10,0,0.01,0.9822054830853736,0.024158591166665876,0.021565344331944823,0.402045885068973,0.3748899905354296,2.156659438649462e-06,0.0008961794830422785,2.902574457566377e-06
G12_1_FIXTURE_10,0,0.03,0.9980198385256452,0.0019519928100504905,0.0175851383058386,0.03951250420975922,0.02227088148269637,2.0740075961834538e-06,0.0015579619829962097,2.1581489208092952e-06
G12_1_FIXTURE_10,0,0.1,0.9998077464263819,0.00015258441156103982,0.001616305191649732,0.020638117404774503,0.0047746294403977485,2.114544380819226e-06,0.0015296741298194115,2.1212120206713123e-06
G12_1_FIXTURE_11,1,0.0001,0.5778240474890992,3.2667133208405352,11.016973384726233,6.625784894320146,26.160257986108586,5.0750417338858174e-05,-0.0019520348342176265,0.00011470395944939248
G12_1_FIXTURE_11,1,0.0003,0.7482246961256401,0.5448815508288971,1.5930021712477151,1.2997593402615661,4.033573775488271,1.0950839128814874e-05,0.0007979704924445795,2.1257929233383375e-05
G12_1_FIXTURE_11,1,0.001,0.66194844132879,0.03292162186836456,0.14557988805155958,0.9706879240432179,0.4686201351775302,4.838044951278185e-06,1.0170704071646897e-05,6.202317537562555e-06
G12_1_FIXTURE_11,1,0.003,0.9801056079533587,0.06660408068008607,0.0007105469386365056,0.8992942034820002,0.0853636138785091,4.2202271039097325e-06,3.49428971252062e-05,4.583737901821153e-06
G12_1_FIXTURE_11,1,0.01,0.9993956585498959,0.004147508518689623,0.01644746797731923,0.1046327541177723,0.02694759871576856,4.292689311306969e-06,0.00031067452563715917,4.337033756453713e-06
G12_1_FIXTURE_11,1,0.03,0.9998203312050569,0.007476465800597057,0.00299375464032433,0.011035410537063367,0.0011628986872364811,4.235871213708644e-06,0.00035080906523610785,4.218316719381912e-06
G12_1_FIXTURE_11,1,0.1,0.9999572269964971,0.0050686824323960735,0.00021749481379693366,0.026203936984600242,0.0005191859088622228,4.224146435736143e-06,0.0003560722405201891,4.225420545987684e-06
