design,independent_units,raw_rows,rollouts,random_controls,transfer_fraction,within_family_rho,se_multiplier,effective_units,replicates,true_c,true_delta_c,expected_c_ci_width,expected_delta_c_ci_width,power_c_lower_gt_zero,power_delta_c_lower_gt_zero,probability_c_above_every_random,split_half_sign_consistency,joint_frozen_rule_probability,joint_probability_monte_carlo_se
C_ONE_ROW_PER_FAMILY,80,80,4,8,0.0,,1.0,80.0,100000,0.015644580200501315,0.0,0.06839578614746362,0.05690438386460794,0.14321,0.02513,0.10178,0.16593,0.00197,0.00014021836898209876
C_ONE_ROW_PER_FAMILY,80,80,4,8,0.5,,1.0,80.0,100000,0.03499960839599004,0.019355028195488726,0.06839578614746362,0.05690438386460794,0.51783,0.26495,0.37131,0.77923,0.13224,0.0010712263178245761
C_ONE_ROW_PER_FAMILY,80,80,4,8,0.75,,1.0,80.0,100000,0.0446771224937344,0.02903254229323309,0.06839578614746362,0.05690438386460794,0.72595,0.51325,0.55726,0.93912,0.34743,0.001505730371281658
C_ONE_ROW_PER_FAMILY,80,80,4,8,1.0,,1.0,80.0,100000,0.05435463659147877,0.03871005639097745,0.06839578614746362,0.05690438386460794,0.87484,0.75906,0.72811,0.98938,0.60528,0.0015456911774348716
B_EQUAL_FAMILY_ALL_ROWS,80,192,4,8,0.0,0.0,0.6582805886043833,184.6153846153846,100000,0.015644580200501315,0.0,0.04502361836321188,0.03745905130456389,0.27466,0.0245,0.09243,0.20798,0.00254,0.0001591712411210015
B_EQUAL_FAMILY_ALL_ROWS,80,192,4,8,0.5,0.0,0.6582805886043833,184.6153846153846,100000,0.03499960839599004,0.019355028195488726,0.04502361836321188,0.03745905130456389,0.8625,0.52722,0.5338,0.95089,0.35209,0.0015103729072649577
B_EQUAL_FAMILY_ALL_ROWS,80,192,4,8,0.75,0.0,0.6582805886043833,184.6153846153846,100000,0.0446771224937344,0.02903254229323309,0.04502361836321188,0.03745905130456389,0.97262,0.85863,0.78056,0.99688,0.71168,0.0014324509680962907
B_EQUAL_FAMILY_ALL_ROWS,80,192,4,8,1.0,0.0,0.6582805886043833,184.6153846153846,100000,0.05435463659147877,0.03871005639097745,0.04502361836321188,0.03745905130456389,0.99732,0.98165,0.92875,0.99997,0.9181,0.0008671354565464382
B_EQUAL_FAMILY_ALL_ROWS,80,192,4,8,0.0,0.25,0.758287544405155,139.13043478260872,100000,0.015644580200501315,0.0,0.05186367272542031,0.04314988550658187,0.21861,0.02565,0.09703,0.19498,0.00255,0.0001594834630925727
B_EQUAL_FAMILY_ALL_ROWS,80,192,4,8,0.5,0.25,0.758287544405155,139.13043478260872,100000,0.03499960839599004,0.019355028195488726,0.05186367272542031,0.04314988550658187,0.75121,0.42026,0.4717,0.91006,0.26148,0.0013896337992435272
B_EQUAL_FAMILY_ALL_ROWS,80,192,4,8,0.75,0.25,0.758287544405155,139.13043478260872,100000,0.0446771224937344,0.02903254229323309,0.05186367272542031,0.04314988550658187,0.9207,0.75056,0.70384,0.98945,0.58669,0.0015571924861750395
B_EQUAL_FAMILY_ALL_ROWS,80,192,4,8,1.0,0.25,0.758287544405155,139.13043478260872,100000,0.05435463659147877,0.03871005639097745,0.05186367272542031,0.04314988550658187,0.98498,0.93969,0.87346,0.99937,0.83933,0.0011612715061517698
B_EQUAL_FAMILY_ALL_ROWS,80,192,4,8,0.0,0.5,0.8465616732800195,111.6279069767442,100000,0.015644580200501315,0.0,0.05790125116629919,0.04817307042139104,0.18276,0.02483,0.09803,0.18198,0.00214,0.00014613077704576816
B_EQUAL_FAMILY_ALL_ROWS,80,192,4,8,0.5,0.5,0.8465616732800195,111.6279069767442,100000,0.03499960839599004,0.019355028195488726,0.05790125116629919,0.04817307042139104,0.66073,0.35178,0.43389,0.86336,0.20373,0.0012736721991941254
B_EQUAL_FAMILY_ALL_ROWS,80,192,4,8,0.75,0.5,0.8465616732800195,111.6279069767442,100000,0.0446771224937344,0.02903254229323309,0.05790125116629919,0.04817307042139104,0.85591,0.65615,0.64472,0.97804,0.4912,0.0015808939243352159
B_EQUAL_FAMILY_ALL_ROWS,80,192,4,8,1.0,0.5,0.8465616732800195,111.6279069767442,100000,0.05435463659147877,0.03871005639097745,0.05790125116629919,0.04817307042139104,0.95765,0.88202,0.81893,0.99764,0.75577,0.0013586085054201596
B_EQUAL_FAMILY_ALL_ROWS,80,192,4,8,0.0,0.75,0.9264628073124863,93.20388349514565,100000,0.015644580200501315,0.0,0.06336615204252362,0.05271979522359201,0.15956,0.02571,0.10022,0.17366,0.00201,0.00014163191377652144
B_EQUAL_FAMILY_ALL_ROWS,80,192,4,8,0.5,0.75,0.9264628073124863,93.20388349514565,100000,0.03499960839599004,0.019355028195488726,0.06336615204252362,0.05271979522359201,0.58232,0.30008,0.39434,0.82165,0.15923,0.0011570471343035254
B_EQUAL_FAMILY_ALL_ROWS,80,192,4,8,0.75,0.75,0.9264628073124863,93.20388349514565,100000,0.0446771224937344,0.02903254229323309,0.06336615204252362,0.05271979522359201,0.78991,0.58029,0.5974,0.96,0.41344,0.0015572648021450943
B_EQUAL_FAMILY_ALL_ROWS,80,192,4,8,1.0,0.75,0.9264628073124863,93.20388349514565,100000,0.05435463659147877,0.03871005639097745,0.06336615204252362,0.05271979522359201,0.9188,0.81995,0.77221,0.99421,0.67933,0.00147594292267689
B_EQUAL_FAMILY_ALL_ROWS,80,192,4,8,0.0,1.0,1.0,80.0,100000,0.015644580200501315,0.0,0.06839578614746362,0.05690438386460794,0.14367,0.02496,0.10192,0.16304,0.00202,0.00014198308349940846
B_EQUAL_FAMILY_ALL_ROWS,80,192,4,8,0.5,1.0,1.0,80.0,100000,0.03499960839599004,0.019355028195488726,0.06839578614746362,0.05690438386460794,0.51802,0.26587,0.37449,0.77862,0.13122,0.001067713967315217
B_EQUAL_FAMILY_ALL_ROWS,80,192,4,8,0.75,1.0,1.0,80.0,100000,0.0446771224937344,0.02903254229323309,0.06839578614746362,0.05690438386460794,0.72896,0.51959,0.55975,0.93939,0.35184,0.001510127856838619
B_EQUAL_FAMILY_ALL_ROWS,80,192,4,8,1.0,1.0,1.0,80.0,100000,0.05435463659147877,0.03871005639097745,0.06839578614746362,0.05690438386460794,0.87668,0.76016,0.73034,0.98918,0.60734,0.0015442736946538976
C_ONE_ROW_PER_FAMILY,100,100,4,8,0.0,,1.0,100.0,100000,0.015644580200501315,0.0,0.06117505088010684,0.0508968282156022,0.17261,0.02554,0.10123,0.17577,0.00229,0.0001511540902522985
C_ONE_ROW_PER_FAMILY,100,100,4,8,0.5,,1.0,100.0,100000,0.03499960839599004,0.019355028195488726,0.06117505088010684,0.0508968282156022,0.61219,0.31891,0.41312,0.83541,0.17544,0.0012027502084805473
C_ONE_ROW_PER_FAMILY,100,100,4,8,0.75,,1.0,100.0,100000,0.0446771224937344,0.02903254229323309,0.06117505088010684,0.0508968282156022,0.81656,0.60856,0.61545,0.96709,0.4433,0.0015709395596266587
C_ONE_ROW_PER_FAMILY,100,100,4,8,1.0,,1.0,100.0,100000,0.05435463659147877,0.03871005639097745,0.06117505088010684,0.0508968282156022,0.93463,0.84687,0.78939,0.99618,0.70959,0.0014355209225225523
B_EQUAL_FAMILY_ALL_ROWS,100,239,4,8,0.0,0.0,0.659545297913646,229.8850574712643,100000,0.015644580200501315,0.0,0.040347717157602526,0.03356876372831902,0.32806,0.02553,0.08812,0.21974,0.00262,0.0001616519594684828
B_EQUAL_FAMILY_ALL_ROWS,100,239,4,8,0.5,0.0,0.659545297913646,229.8850574712643,100000,0.03499960839599004,0.019355028195488726,0.040347717157602526,0.03356876372831902,0.92683,0.619,0.58453,0.97217,0.4332,0.0015669644539682448
B_EQUAL_FAMILY_ALL_ROWS,100,239,4,8,0.75,0.0,0.659545297913646,229.8850574712643,100000,0.0446771224937344,0.02903254229323309,0.040347717157602526,0.03356876372831902,0.99194,0.92192,0.83301,0.99911,0.79309,0.0012810083992698877
B_EQUAL_FAMILY_ALL_ROWS,100,239,4,8,1.0,0.0,0.659545297913646,229.8850574712643,100000,0.05435463659147877,0.03871005639097745,0.040347717157602526,0.03356876372831902,0.99957,0.99496,0.95685,1.0,0.95384,0.0006635454347669041
B_EQUAL_FAMILY_ALL_ROWS,100,239,4,8,0.0,0.25,0.7591113225344489,173.53579175704985,100000,0.015644580200501315,0.0,0.046438673779710116,0.03863635857955444,0.25987,0.02459,0.09335,0.20389,0.0023,0.00015148300234679797
B_EQUAL_FAMILY_ALL_ROWS,100,239,4,8,0.5,0.25,0.7591113225344489,173.53579175704985,100000,0.03499960839599004,0.019355028195488726,0.046438673779710116,0.03863635857955444,0.84075,0.49989,0.51846,0.94353,0.32934,0.0014861869478635587
B_EQUAL_FAMILY_ALL_ROWS,100,239,4,8,0.75,0.25,0.7591113225344489,173.53579175704985,100000,0.0446771224937344,0.02903254229323309,0.046438673779710116,0.03863635857955444,0.96524,0.83818,0.76357,0.99635,0.68539,0.0014684364061817588
B_EQUAL_FAMILY_ALL_ROWS,100,239,4,8,1.0,0.25,0.7591113225344489,173.53579175704985,100000,0.05435463659147877,0.03871005639097745,0.046438673779710116,0.03863635857955444,0.9955,0.97623,0.91598,0.99976,0.90208,0.0009398493155820246
B_EQUAL_FAMILY_ALL_ROWS,100,239,4,8,0.0,0.5,0.8470537173048709,139.37282229965155,100000,0.015644580200501315,0.0,0.05181855425430912,0.04311234753905328,0.22175,0.02551,0.09677,0.19411,0.00237,0.0001537655065351134
B_EQUAL_FAMILY_ALL_ROWS,100,239,4,8,0.5,0.5,0.8470537173048709,139.37282229965155,100000,0.03499960839599004,0.019355028195488726,0.05181855425430912,0.04311234753905328,0.75218,0.41848,0.47043,0.90969,0.25983,0.0013867889929617988
B_EQUAL_FAMILY_ALL_ROWS,100,239,4,8,0.75,0.5,0.8470537173048709,139.37282229965155,100000,0.0446771224937344,0.02903254229323309,0.05181855425430912,0.04311234753905328,0.9219,0.75028,0.70487,0.98952,0.58879,0.0015560087914276064
B_EQUAL_FAMILY_ALL_ROWS,100,239,4,8,1.0,0.5,0.8470537173048709,139.37282229965155,100000,0.05435463659147877,0.03871005639097745,0.05181855425430912,0.04311234753905328,0.98487,0.94014,0.8731,0.99945,0.84019,0.001158752622003506
B_EQUAL_FAMILY_ALL_ROWS,100,239,4,8,0.0,0.75,0.9266876496425319,116.44832605531295,100000,0.015644580200501315,0.0,0.05669016411684852,0.04716546211337611,0.19224,0.02565,0.10015,0.18377,0.00232,0.00015213867358433226
B_EQUAL_FAMILY_ALL_ROWS,100,239,4,8,0.5,0.75,0.9266876496425319,116.44832605531295,100000,0.03499960839599004,0.019355028195488726,0.05669016411684852,0.04716546211337611,0.67559,0.36482,0.43817,0.87435,0.21282,0.001294324718144562
B_EQUAL_FAMILY_ALL_ROWS,100,239,4,8,0.75,0.75,0.9266876496425319,116.44832605531295,100000,0.0446771224937344,0.02903254229323309,0.05669016411684852,0.04716546211337611,0.8699,0.67559,0.65741,0.98002,0.51034,0.0015808006971152308
B_EQUAL_FAMILY_ALL_ROWS,100,239,4,8,1.0,0.75,0.9266876496425319,116.44832605531295,100000,0.05435463659147877,0.03871005639097745,0.05669016411684852,0.04716546211337611,0.96383,0.89432,0.82843,0.99793,0.77211,0.0013264846320255655
B_EQUAL_FAMILY_ALL_ROWS,100,239,4,8,0.0,1.0,1.0,100.0,100000,0.015644580200501315,0.0,0.06117505088010684,0.0508968282156022,0.16826,0.02522,0.09994,0.17561,0.00216,0.00014681057182641853
B_EQUAL_FAMILY_ALL_ROWS,100,239,4,8,0.5,1.0,1.0,100.0,100000,0.03499960839599004,0.019355028195488726,0.06117505088010684,0.0508968282156022,0.61022,0.32085,0.41217,0.83893,0.17724,0.0012075842927100368
B_EQUAL_FAMILY_ALL_ROWS,100,239,4,8,0.75,1.0,1.0,100.0,100000,0.0446771224937344,0.02903254229323309,0.06117505088010684,0.0508968282156022,0.81747,0.60959,0.61667,0.96765,0.44205,0.0015704833571228954
B_EQUAL_FAMILY_ALL_ROWS,100,239,4,8,1.0,1.0,1.0,100.0,100000,0.05435463659147877,0.03871005639097745,0.06117505088010684,0.0508968282156022,0.93588,0.84578,0.78972,0.99574,0.70844,0.0014371943723797418
C_ONE_ROW_PER_FAMILY,120,120,4,8,0.0,,1.0,120.0,100000,0.015644580200501315,0.0,0.05584492553926798,0.04646223486525124,0.19507,0.02505,0.09785,0.18613,0.00206,0.00014337909192068418
C_ONE_ROW_PER_FAMILY,120,120,4,8,0.5,,1.0,120.0,100000,0.03499960839599004,0.019355028195488726,0.05584492553926798,0.04646223486525124,0.69066,0.37079,0.4438,0.87998,0.21911,0.0013080550749108386
C_ONE_ROW_PER_FAMILY,120,120,4,8,0.75,,1.0,120.0,100000,0.0446771224937344,0.02903254229323309,0.05584492553926798,0.04646223486525124,0.8799,0.68614,0.6662,0.98141,0.52326,0.0015794270239552065
C_ONE_ROW_PER_FAMILY,120,120,4,8,1.0,,1.0,120.0,100000,0.05435463659147877,0.03871005639097745,0.05584492553926798,0.04646223486525124,0.96817,0.90461,0.83674,0.99841,0.78552,0.0012979920246288111
B_EQUAL_FAMILY_ALL_ROWS,120,286,4,8,0.0,0.0,0.660387091871965,275.1592356687898,100000,0.015644580200501315,0.0,0.03687926797268361,0.030683060164535484,0.38186,0.02464,0.08406,0.22473,0.00223,0.00014916524729306085
B_EQUAL_FAMILY_ALL_ROWS,120,286,4,8,0.5,0.0,0.660387091871965,275.1592356687898,100000,0.03499960839599004,0.019355028195488726,0.03687926797268361,0.030683060164535484,0.96042,0.69839,0.62544,0.98423,0.50429,0.0015810806301387668
B_EQUAL_FAMILY_ALL_ROWS,120,286,4,8,0.75,0.0,0.660387091871965,275.1592356687898,100000,0.0446771224937344,0.02903254229323309,0.03687926797268361,0.030683060164535484,0.99749,0.96033,0.8733,0.99975,0.85295,0.001119938826454374
B_EQUAL_FAMILY_ALL_ROWS,120,286,4,8,1.0,0.0,0.660387091871965,275.1592356687898,100000,0.05435463659147877,0.03871005639097745,0.03687926797268361,0.030683060164535484,0.99992,0.99851,0.97406,1.0,0.97311,0.0005115361952003003
B_EQUAL_FAMILY_ALL_ROWS,120,286,4,8,0.0,0.25,0.7596600116718881,207.94223826714807,100000,0.015644580200501315,0.0,0.042423156786976036,0.035295501880038764,0.29895,0.02539,0.08776,0.21231,0.00229,0.0001511540902522985
B_EQUAL_FAMILY_ALL_ROWS,120,286,4,8,0.5,0.25,0.7596600116718881,207.94223826714807,100000,0.03499960839599004,0.019355028195488726,0.042423156786976036,0.035295501880038764,0.9007,0.57559,0.56458,0.96358,0.39855,0.0015482502946875224
B_EQUAL_FAMILY_ALL_ROWS,120,286,4,8,0.75,0.25,0.7596600116718881,207.94223826714807,100000,0.0446771224937344,0.02903254229323309,0.042423156786976036,0.035295501880038764,0.98541,0.8974,0.8085,0.99856,0.7583,0.001353813539598419
B_EQUAL_FAMILY_ALL_ROWS,120,286,4,8,1.0,0.25,0.7596600116718881,207.94223826714807,100000,0.05435463659147877,0.03871005639097745,0.042423156786976036,0.035295501880038764,0.99889,0.99048,0.94567,0.99998,0.93993,0.0007514093098970757
B_EQUAL_FAMILY_ALL_ROWS,120,286,4,8,0.0,0.5,0.847381587925744,167.11798839458416,100000,0.015644580200501315,0.0,0.047321961681059836,0.03937124235869546,0.25379,0.02531,0.09364,0.20052,0.00258,0.00016041644554097312
B_EQUAL_FAMILY_ALL_ROWS,120,286,4,8,0.5,0.5,0.847381587925744,167.11798839458416,100000,0.03499960839599004,0.019355028195488726,0.047321961681059836,0.03937124235869546,0.82504,0.48882,0.51239,0.939,0.31992,0.0014750294695361173
B_EQUAL_FAMILY_ALL_ROWS,120,286,4,8,0.75,0.5,0.847381587925744,167.11798839458416,100000,0.0446771224937344,0.02903254229323309,0.047321961681059836,0.03937124235869546,0.95896,0.82586,0.75521,0.99525,0.67163,0.0014850695037606826
B_EQUAL_FAMILY_ALL_ROWS,120,286,4,8,1.0,0.5,0.847381587925744,167.11798839458416,100000,0.05435463659147877,0.03871005639097745,0.047321961681059836,0.03937124235869546,0.99445,0.97066,0.91191,0.99983,0.89487,0.0009699365087468353
B_EQUAL_FAMILY_ALL_ROWS,120,286,4,8,0.0,0.75,0.9268375142266189,139.69280517380759,100000,0.015644580200501315,0.0,0.05175917196898576,0.0430629422679228,0.21912,0.02463,0.09616,0.19257,0.00221,0.00014849632655389156
B_EQUAL_FAMILY_ALL_ROWS,120,286,4,8,0.5,0.75,0.9268375142266189,139.69280517380759,100000,0.03499960839599004,0.019355028195488726,0.05175917196898576,0.0430629422679228,0.75228,0.41975,0.47076,0.90939,0.26031,0.0013876191981231738
B_EQUAL_FAMILY_ALL_ROWS,120,286,4,8,0.75,0.75,0.9268375142266189,139.69280517380759,100000,0.0446771224937344,0.02903254229323309,0.05175917196898576,0.0430629422679228,0.92371,0.75249,0.70516,0.98912,0.58884,0.001555980251802702
B_EQUAL_FAMILY_ALL_ROWS,120,286,4,8,1.0,0.75,0.9268375142266189,139.69280517380759,100000,0.05435463659147877,0.03871005639097745,0.05175917196898576,0.0430629422679228,0.9851,0.94073,0.87305,0.99955,0.84077,0.0011570471343035251
B_EQUAL_FAMILY_ALL_ROWS,120,286,4,8,0.0,1.0,1.0,120.0,100000,0.015644580200501315,0.0,0.05584492553926798,0.04646223486525124,0.19327,0.02465,0.09538,0.18475,0.00228,0.00015082445425062873
B_EQUAL_FAMILY_ALL_ROWS,120,286,4,8,0.5,1.0,1.0,120.0,100000,0.03499960839599004,0.019355028195488726,0.05584492553926798,0.04646223486525124,0.69072,0.37255,0.44413,0.88239,0.22017,0.0013103250402094894
B_EQUAL_FAMILY_ALL_ROWS,120,286,4,8,0.75,1.0,1.0,120.0,100000,0.0446771224937344,0.02903254229323309,0.05584492553926798,0.04646223486525124,0.87825,0.68621,0.66412,0.98219,0.51976,0.0015799036122498107
B_EQUAL_FAMILY_ALL_ROWS,120,286,4,8,1.0,1.0,1.0,120.0,100000,0.05435463659147877,0.03871005639097745,0.05584492553926798,0.04646223486525124,0.9687,0.90285,0.83572,0.99855,0.78296,0.0013035859710813092
C_ONE_ROW_PER_FAMILY,130,130,4,8,0.0,,1.0,130.0,100000,0.015644580200501315,0.0,0.053654068955913244,0.04463947134378619,0.20854,0.02591,0.09689,0.1878,0.00219,0.0001478243518504309
C_ONE_ROW_PER_FAMILY,130,130,4,8,0.5,,1.0,130.0,100000,0.03499960839599004,0.019355028195488726,0.053654068955913244,0.04463947134378619,0.72613,0.39706,0.46004,0.89773,0.24183,0.0013540614871563256
C_ONE_ROW_PER_FAMILY,130,130,4,8,0.75,,1.0,130.0,100000,0.0446771224937344,0.02903254229323309,0.053654068955913244,0.04463947134378619,0.90365,0.72155,0.68534,0.98648,0.55722,0.0015707510038195107
C_ONE_ROW_PER_FAMILY,130,130,4,8,1.0,,1.0,130.0,100000,0.05435463659147877,0.03871005639097745,0.053654068955913244,0.04463947134378619,0.97819,0.92388,0.85656,0.99918,0.81514,0.0012275454386701946
B_EQUAL_FAMILY_ALL_ROWS,130,310,4,8,0.0,0.0,0.6602252917735247,298.2352941176471,100000,0.015644580200501315,0.0,0.03542377333125464,0.02947210799256713,0.40889,0.02465,0.08146,0.22937,0.0026,0.00016103539983494311
B_EQUAL_FAMILY_ALL_ROWS,130,310,4,8,0.5,0.0,0.6602252917735247,298.2352941176471,100000,0.03499960839599004,0.019355028195488726,0.03542377333125464,0.02947210799256713,0.97188,0.73071,0.64578,0.98899,0.5368,0.0015768505319148037
B_EQUAL_FAMILY_ALL_ROWS,130,310,4,8,0.75,0.0,0.6602252917735247,298.2352941176471,100000,0.0446771224937344,0.02903254229323309,0.03542377333125464,0.02947210799256713,0.99843,0.97167,0.88965,0.99987,0.87481,0.001046505919237918
B_EQUAL_FAMILY_ALL_ROWS,130,310,4,8,1.0,0.0,0.6602252917735247,298.2352941176471,100000,0.05435463659147877,0.03871005639097745,0.03542377333125464,0.02947210799256713,0.99997,0.99927,0.98029,1.0,0.97983,0.00044455788262047523
B_EQUAL_FAMILY_ALL_ROWS,130,310,4,8,0.0,0.25,0.7595545253127499,225.33333333333334,100000,0.015644580200501315,0.0,0.04075319087690624,0.03390611246674163,0.32374,0.0255,0.08787,0.21603,0.00258,0.00016041644554097312
B_EQUAL_FAMILY_ALL_ROWS,130,310,4,8,0.5,0.25,0.7595545253127499,225.33333333333334,100000,0.03499960839599004,0.019355028195488726,0.04075319087690624,0.03390611246674163,0.91916,0.60815,0.57545,0.97042,0.42271,0.00156213397600846
B_EQUAL_FAMILY_ALL_ROWS,130,310,4,8,0.75,0.25,0.7595545253127499,225.33333333333334,100000,0.0446771224937344,0.02903254229323309,0.04075319087690624,0.03390611246674163,0.99065,0.92003,0.83016,0.9991,0.78968,0.0012887416249970354
B_EQUAL_FAMILY_ALL_ROWS,130,310,4,8,1.0,0.25,0.7595545253127499,225.33333333333334,100000,0.05435463659147877,0.03871005639097745,0.04075319087690624,0.03390611246674163,0.99955,0.99452,0.95467,0.99998,0.95147,0.0006795207068220951
B_EQUAL_FAMILY_ALL_ROWS,130,310,4,8,0.0,0.5,0.8473185457363234,181.07142857142858,100000,0.015644580200501315,0.0,0.04546208768056083,0.03782385194145519,0.27006,0.02445,0.09171,0.20374,0.00233,0.0001524654419860448
B_EQUAL_FAMILY_ALL_ROWS,130,310,4,8,0.5,0.5,0.8473185457363234,181.07142857142858,100000,0.03499960839599004,0.019355028195488726,0.04546208768056083,0.03782385194145519,0.85471,0.51878,0.53028,0.94999,0.34647,0.0015047542626621796
B_EQUAL_FAMILY_ALL_ROWS,130,310,4,8,0.75,0.5,0.8473185457363234,181.07142857142858,100000,0.0446771224937344,0.02903254229323309,0.04546208768056083,0.03782385194145519,0.97084,0.85294,0.77462,0.99674,0.70463,0.0014426592220618145
B_EQUAL_FAMILY_ALL_ROWS,130,310,4,8,1.0,0.5,0.8473185457363234,181.07142857142858,100000,0.05435463659147877,0.03871005639097745,0.04546208768056083,0.03782385194145519,0.99698,0.97991,0.92368,0.99993,0.91192,0.0008962249360512128
B_EQUAL_FAMILY_ALL_ROWS,130,310,4,8,0.0,0.75,0.9268086959962983,151.34328358208955,100000,0.015644580200501315,0.0,0.04972705768392543,0.041372250226098604,0.2317,0.02527,0.09352,0.19472,0.00234,0.00015279150499945997
B_EQUAL_FAMILY_ALL_ROWS,130,310,4,8,0.5,0.75,0.9268086959962983,151.34328358208955,100000,0.03499960839599004,0.019355028195488726,0.04972705768392543,0.041372250226098604,0.78711,0.44909,0.4886,0.92417,0.28589,0.0014288348676456631
B_EQUAL_FAMILY_ALL_ROWS,130,310,4,8,0.75,0.75,0.9268086959962983,151.34328358208955,100000,0.0446771224937344,0.02903254229323309,0.04972705768392543,0.041372250226098604,0.93982,0.78552,0.72664,0.99253,0.62696,0.0015293173588238644
B_EQUAL_FAMILY_ALL_ROWS,130,310,4,8,1.0,0.75,0.9268086959962983,151.34328358208955,100000,0.05435463659147877,0.03871005639097745,0.04972705768392543,0.041372250226098604,0.98994,0.95558,0.89112,0.99967,0.86576,0.0010780520506914312
B_EQUAL_FAMILY_ALL_ROWS,130,310,4,8,0.0,1.0,1.0,130.0,100000,0.015644580200501315,0.0,0.053654068955913244,0.04463947134378619,0.206,0.02516,0.09627,0.18755,0.00206,0.00014337909192068418
B_EQUAL_FAMILY_ALL_ROWS,130,310,4,8,0.5,1.0,1.0,130.0,100000,0.03499960839599004,0.019355028195488726,0.053654068955913244,0.04463947134378619,0.72677,0.39524,0.45867,0.89468,0.24008,0.001350709419527383
B_EQUAL_FAMILY_ALL_ROWS,130,310,4,8,0.75,1.0,1.0,130.0,100000,0.0446771224937344,0.02903254229323309,0.053654068955913244,0.04463947134378619,0.90236,0.71981,0.68379,0.98647,0.55627,0.0015710941636324668
B_EQUAL_FAMILY_ALL_ROWS,130,310,4,8,1.0,1.0,1.0,130.0,100000,0.05435463659147877,0.03871005639097745,0.053654068955913244,0.04463947134378619,0.97744,0.92362,0.85615,0.99893,0.81512,0.0012275967807061081
C_ONE_ROW_PER_FAMILY,140,140,4,8,0.0,,1.0,140.0,100000,0.015644580200501315,0.0,0.05170235453455579,0.04301567091860262,0.21949,0.02475,0.09507,0.19216,0.00217,0.00014714928134381086
C_ONE_ROW_PER_FAMILY,140,140,4,8,0.5,,1.0,140.0,100000,0.03499960839599004,0.019355028195488726,0.05170235453455579,0.04301567091860262,0.75532,0.41989,0.47473,0.91101,0.26312,0.0013924362304967507
C_ONE_ROW_PER_FAMILY,140,140,4,8,0.75,,1.0,140.0,100000,0.0446771224937344,0.02903254229323309,0.05170235453455579,0.04301567091860262,0.92363,0.75254,0.7042,0.99064,0.58985,0.0015554001976983286
C_ONE_ROW_PER_FAMILY,140,140,4,8,1.0,,1.0,140.0,100000,0.05435463659147877,0.03871005639097745,0.05170235453455579,0.04301567091860262,0.9847,0.94196,0.87394,0.99952,0.84195,0.001153560564079754
B_EQUAL_FAMILY_ALL_ROWS,140,331,4,8,0.0,0.0,0.6627863262664025,318.69918699186996,100000,0.015644580200501315,0.0,0.03426761362128131,0.02851019850002516,0.43126,0.02467,0.08056,0.23049,0.00263,0.00016195934983816154
B_EQUAL_FAMILY_ALL_ROWS,140,331,4,8,0.5,0.0,0.6627863262664025,318.69918699186996,100000,0.03499960839599004,0.019355028195488726,0.03426761362128131,0.02851019850002516,0.979,0.75596,0.66094,0.99143,0.56174,0.0015690384711663382
B_EQUAL_FAMILY_ALL_ROWS,140,331,4,8,0.75,0.0,0.6627863262664025,318.69918699186996,100000,0.0446771224937344,0.02903254229323309,0.03426761362128131,0.02851019850002516,0.99935,0.97977,0.90232,0.99997,0.89165,0.0009829052726483868
B_EQUAL_FAMILY_ALL_ROWS,140,331,4,8,1.0,0.0,0.6627863262664025,318.69918699186996,100000,0.05435463659147877,0.03871005639097745,0.03426761362128131,0.02851019850002516,1.0,0.9996,0.98449,1.0,0.98424,0.00039384797066888637
B_EQUAL_FAMILY_ALL_ROWS,140,331,4,8,0.0,0.25,0.7612255156747478,241.60246533127886,100000,0.015644580200501315,0.0,0.039357151492165864,0.032744626277108536,0.34416,0.02477,0.08663,0.2206,0.00272,0.0001646997753489664
B_EQUAL_FAMILY_ALL_ROWS,140,331,4,8,0.5,0.25,0.7612255156747478,241.60246533127886,100000,0.03499960839599004,0.019355028195488726,0.039357151492165864,0.032744626277108536,0.93667,0.63821,0.59442,0.97677,0.45175,0.001573759630629786
B_EQUAL_FAMILY_ALL_ROWS,140,331,4,8,0.75,0.25,0.7612255156747478,241.60246533127886,100000,0.0446771224937344,0.02903254229323309,0.039357151492165864,0.032744626277108536,0.99361,0.93629,0.84726,0.9992,0.81487,0.0012282381002883765
B_EQUAL_FAMILY_ALL_ROWS,140,331,4,8,1.0,0.25,0.7612255156747478,241.60246533127886,100000,0.05435463659147877,0.03871005639097745,0.039357151492165864,0.032744626277108536,0.99973,0.99613,0.96216,0.99999,0.95975,0.0006215298665390104
B_EQUAL_FAMILY_ALL_ROWS,140,331,4,8,0.0,0.5,0.8483176628733231,194.54094292803973,100000,0.015644580200501315,0.0,0.043860020563802324,0.036490953420596946,0.2906,0.02588,0.09245,0.20881,0.00252,0.00015854493369389007
B_EQUAL_FAMILY_ALL_ROWS,140,331,4,8,0.5,0.5,0.8483176628733231,194.54094292803973,100000,0.03499960839599004,0.019355028195488726,0.043860020563802324,0.036490953420596946,0.87675,0.54675,0.54616,0.95756,0.37131,0.00152787068791832
B_EQUAL_FAMILY_ALL_ROWS,140,331,4,8,0.75,0.5,0.8483176628733231,194.54094292803973,100000,0.0446771224937344,0.02903254229323309,0.043860020563802324,0.036490953420596946,0.97869,0.87675,0.7917,0.99784,0.73131,0.0014017691817842194
B_EQUAL_FAMILY_ALL_ROWS,140,331,4,8,1.0,0.5,0.8483176628733231,194.54094292803973,100000,0.05435463659147877,0.03871005639097745,0.043860020563802324,0.036490953420596946,0.99797,0.98569,0.93492,0.99996,0.92663,0.0008245413458402195
B_EQUAL_FAMILY_ALL_ROWS,140,331,4,8,0.0,0.75,0.9272655652893774,162.82450674974038,100000,0.015644580200501315,0.0,0.047941813004276676,0.039886950410639894,0.24589,0.0243,0.09282,0.20101,0.00225,0.00014983115497118748
B_EQUAL_FAMILY_ALL_ROWS,140,331,4,8,0.5,0.75,0.9272655652893774,162.82450674974038,100000,0.03499960839599004,0.019355028195488726,0.047941813004276676,0.039886950410639894,0.81718,0.48068,0.50591,0.93641,0.31313,0.0014665592490588303
B_EQUAL_FAMILY_ALL_ROWS,140,331,4,8,0.75,0.75,0.9272655652893774,162.82450674974038,100000,0.0446771224937344,0.02903254229323309,0.047941813004276676,0.039886950410639894,0.95495,0.8145,0.74772,0.99449,0.65887,0.0014992008641272858
B_EQUAL_FAMILY_ALL_ROWS,140,331,4,8,1.0,0.75,0.9272655652893774,162.82450674974038,100000,0.05435463659147877,0.03871005639097745,0.047941813004276676,0.039886950410639894,0.99366,0.96707,0.90473,0.99976,0.88604,0.0010048538122533048
B_EQUAL_FAMILY_ALL_ROWS,140,331,4,8,0.0,1.0,1.0,140.0,100000,0.015644580200501315,0.0,0.05170235453455579,0.04301567091860262,0.22064,0.02446,0.0962,0.19388,0.00201,0.00014163191377652144
B_EQUAL_FAMILY_ALL_ROWS,140,331,4,8,0.5,1.0,1.0,140.0,100000,0.03499960839599004,0.019355028195488726,0.05170235453455579,0.04301567091860262,0.75947,0.42301,0.47452,0.9108,0.26368,0.0013933874464771095
B_EQUAL_FAMILY_ALL_ROWS,140,331,4,8,0.75,1.0,1.0,140.0,100000,0.0446771224937344,0.02903254229323309,0.05170235453455579,0.04301567091860262,0.92303,0.75402,0.70644,0.98995,0.59128,0.0015545673404519986
B_EQUAL_FAMILY_ALL_ROWS,140,331,4,8,1.0,1.0,1.0,140.0,100000,0.05435463659147877,0.03871005639097745,0.05170235453455579,0.04301567091860262,0.98499,0.94161,0.87488,0.99943,0.84213,0.0011530267260562522
A_ROW_WEIGHTED_CLUSTER_SENSITIVITY,150,150,4,8,0.0,0.0,1.0,150.0,100000,0.015644580200501315,0.0,0.04994921988168692,0.04155708621810502,0.23315,0.02458,0.09712,0.19561,0.0021,0.00014476152803835694
A_ROW_WEIGHTED_CLUSTER_SENSITIVITY,150,150,4,8,0.5,0.0,1.0,150.0,100000,0.03499960839599004,0.019355028195488726,0.04994921988168692,0.04155708621810502,0.78443,0.44475,0.4876,0.92409,0.28197,0.0014228946521088622
A_ROW_WEIGHTED_CLUSTER_SENSITIVITY,150,150,4,8,0.75,0.0,1.0,150.0,100000,0.0446771224937344,0.02903254229323309,0.04994921988168692,0.04155708621810502,0.93814,0.78089,0.7243,0.99228,0.6221,0.001533269676214853
A_ROW_WEIGHTED_CLUSTER_SENSITIVITY,150,150,4,8,1.0,0.0,1.0,150.0,100000,0.05435463659147877,0.03871005639097745,0.04994921988168692,0.04155708621810502,0.98896,0.95459,0.8886,0.9995,0.8631,0.0010870068537042442
A_ROW_WEIGHTED_CLUSTER_SENSITIVITY,150,150,4,8,0.0,0.25,1.1761519176251567,108.43373493975903,100000,0.015644580200501315,0.0,0.05874787074772667,0.04887744664633819,0.17747,0.02574,0.09889,0.17964,0.00213,0.00014578968070477416
A_ROW_WEIGHTED_CLUSTER_SENSITIVITY,150,150,4,8,0.5,0.25,1.1761519176251567,108.43373493975903,100000,0.03499960839599004,0.019355028195488726,0.05874787074772667,0.04887744664633819,0.64864,0.34381,0.42609,0.85755,0.19722,0.0012582697310195457
A_ROW_WEIGHTED_CLUSTER_SENSITIVITY,150,150,4,8,0.75,0.25,1.1761519176251567,108.43373493975903,100000,0.0446771224937344,0.02903254229323309,0.05874787074772667,0.04887744664633819,0.84571,0.64414,0.63968,0.97546,0.4811,0.0015800088290892555
A_ROW_WEIGHTED_CLUSTER_SENSITIVITY,150,150,4,8,1.0,0.25,1.1761519176251567,108.43373493975903,100000,0.05435463659147877,0.03871005639097745,0.05874787074772667,0.04887744664633819,0.95228,0.87346,0.81233,0.99729,0.74488,0.0013785274230134125
A_ROW_WEIGHTED_CLUSTER_SENSITIVITY,150,150,4,8,0.0,0.5,1.3291601358251257,84.90566037735849,100000,0.015644580200501315,0.0,0.06639051188230205,0.05523602236215293,0.1485,0.02482,0.10061,0.16776,0.00187,0.00013662002415458724
A_ROW_WEIGHTED_CLUSTER_SENSITIVITY,150,150,4,8,0.5,0.5,1.3291601358251257,84.90566037735849,100000,0.03499960839599004,0.019355028195488726,0.06639051188230205,0.05523602236215293,0.54128,0.27763,0.38365,0.79641,0.14411,0.0011105958216200886
A_ROW_WEIGHTED_CLUSTER_SENSITIVITY,150,150,4,8,0.75,0.5,1.3291601358251257,84.90566037735849,100000,0.0446771224937344,0.02903254229323309,0.06639051188230205,0.05523602236215293,0.75127,0.54055,0.57399,0.94998,0.3747,0.001530685826680315
A_ROW_WEIGHTED_CLUSTER_SENSITIVITY,150,150,4,8,1.0,0.5,1.3291601358251257,84.90566037735849,100000,0.05435463659147877,0.03871005639097745,0.06639051188230205,0.05523602236215293,0.89518,0.78461,0.74856,0.99135,0.63807,0.0015196600774515332
A_ROW_WEIGHTED_CLUSTER_SENSITIVITY,150,150,4,8,0.0,0.75,1.466287829861518,69.7674418604651,100000,0.015644580200501315,0.0,0.07323993322359451,0.06093464976611321,0.13236,0.02463,0.1031,0.15695,0.00189,0.00013734729338432558
A_ROW_WEIGHTED_CLUSTER_SENSITIVITY,150,150,4,8,0.5,0.75,1.466287829861518,69.7674418604651,100000,0.03499960839599004,0.019355028195488726,0.07323993322359451,0.06093464976611321,0.46546,0.24015,0.35349,0.7406,0.11161,0.000995757038137316
A_ROW_WEIGHTED_CLUSTER_SENSITIVITY,150,150,4,8,0.75,0.75,1.466287829861518,69.7674418604651,100000,0.0446771224937344,0.02903254229323309,0.07323993322359451,0.06093464976611321,0.66361,0.46025,0.52173,0.91693,0.29689,0.0014448056197980405
A_ROW_WEIGHTED_CLUSTER_SENSITIVITY,150,150,4,8,1.0,0.75,1.466287829861518,69.7674418604651,100000,0.05435463659147877,0.03871005639097745,0.07323993322359451,0.06093464976611321,0.82844,0.70282,0.6892,0.9812,0.5415,0.001575683185161281
A_ROW_WEIGHTED_CLUSTER_SENSITIVITY,150,150,4,8,0.0,1.0,1.591644851508443,59.21052631578948,100000,0.015644580200501315,0.0,0.07950141866155014,0.06614412232273932,0.11796,0.02429,0.10413,0.15087,0.00173,0.00013141564214354395
A_ROW_WEIGHTED_CLUSTER_SENSITIVITY,150,150,4,8,0.5,1.0,1.591644851508443,59.21052631578948,100000,0.03499960839599004,0.019355028195488726,0.07950141866155014,0.06614412232273932,0.40733,0.20996,0.33034,0.689,0.0883,0.0008972352534313395
A_ROW_WEIGHTED_CLUSTER_SENSITIVITY,150,150,4,8,0.75,1.0,1.591644851508443,59.21052631578948,100000,0.0446771224937344,0.02903254229323309,0.07950141866155014,0.06614412232273932,0.59673,0.40782,0.4887,0.88363,0.24748,0.0013646745018501664
A_ROW_WEIGHTED_CLUSTER_SENSITIVITY,150,150,4,8,1.0,1.0,1.591644851508443,59.21052631578948,100000,0.05435463659147877,0.03871005639097745,0.07950141866155014,0.06614412232273932,0.763,0.63259,0.64501,0.96799,0.46535,0.0015773375589898315
