replicate,p_value_1000_maps,p_value_50000_maps
0,0.81,0.79912
1,0.716,0.73308
2,0.837,0.85802
3,0.218,0.19696
4,0.063,0.059
5,0.709,0.69514
6,0.881,0.8802
7,0.587,0.57988
8,0.437,0.4645
9,0.548,0.55682
10,0.782,0.78712
11,0.913,0.91584
12,0.414,0.42862
13,0.965,0.96198
14,0.844,0.85034
15,0.894,0.90054
16,0.268,0.27142
17,0.908,0.91406
18,0.582,0.59434
19,0.648,0.62504
20,0.084,0.08944
21,0.556,0.59656
22,0.802,0.79848
23,0.063,0.05892
24,0.535,0.57272
25,0.6,0.58934
26,0.031,0.0277
27,0.634,0.65184
28,0.404,0.387
29,0.355,0.33678
30,0.538,0.51476
31,0.818,0.8168
32,0.346,0.32994
33,0.823,0.83576
34,0.671,0.66116
35,0.959,0.94906
36,0.001,0.00044
37,0.254,0.25348
38,0.083,0.07796
39,0.61,0.59228
40,0.756,0.77062
41,0.522,0.53452
42,0.043,0.0379
43,0.793,0.79366
44,0.934,0.92794
45,0.135,0.12222
46,0.636,0.63308
47,0.94,0.94614
48,0.688,0.69762
49,0.168,0.15326
50,0.09,0.08726
51,0.98,0.98598
52,0.7,0.67722
53,0.217,0.20234
54,0.752,0.72798
55,0.969,0.97062
56,0.336,0.33434
57,0.231,0.22638
58,0.701,0.6899
59,0.589,0.57152
60,0.985,0.98434
61,0.152,0.14776
62,0.657,0.66694
63,0.242,0.23172
64,0.782,0.78528
65,0.476,0.46726
66,0.102,0.08928
67,0.56,0.5648
68,0.013,0.00942
69,0.771,0.76072
70,0.096,0.10246
71,0.255,0.23416
72,0.503,0.49108
73,0.682,0.69176
74,0.888,0.89056
75,0.372,0.35116
76,0.105,0.10188
77,0.696,0.69722
78,0.158,0.15532
79,0.184,0.1916
80,0.386,0.37856
81,0.927,0.93116
82,0.149,0.1612
83,0.111,0.1041
84,0.477,0.48154
85,0.827,0.83458
86,0.638,0.6243
87,0.831,0.8429
88,0.994,0.99244
89,0.212,0.20212
90,0.216,0.2347
91,0.627,0.63172
92,0.053,0.06002
93,0.687,0.66064
94,0.174,0.15456
95,0.428,0.43448
96,0.937,0.94834
97,0.407,0.37672
98,0.693,0.67164
99,0.599,0.5764
100,0.516,0.51974
101,0.167,0.18554
102,0.362,0.36882
103,0.542,0.55528
104,0.805,0.803
105,0.317,0.32826
106,0.121,0.1058
107,0.836,0.84826
108,0.876,0.87968
109,0.647,0.61118
110,0.439,0.43198
111,0.106,0.09198
112,0.545,0.54392
113,0.968,0.97266
114,0.636,0.61852
115,0.811,0.82144
116,0.157,0.17056
117,0.047,0.04638
118,0.723,0.7381
119,0.692,0.67192
120,0.67,0.66712
121,0.293,0.3019
122,0.779,0.77806
123,0.274,0.28666
124,0.882,0.90226
125,0.752,0.746
126,0.327,0.32966
127,0.478,0.47512
128,0.836,0.84728
129,0.07,0.06898
130,0.599,0.58492
131,0.109,0.1125
132,0.316,0.2966
133,0.225,0.24298
134,0.497,0.50458
135,0.714,0.7164
136,0.689,0.69438
137,0.506,0.50392
138,0.444,0.41814
139,0.688,0.69054
140,0.233,0.21836
141,0.091,0.08706
142,0.35,0.33036
143,0.891,0.87742
144,0.178,0.19426
145,0.8,0.78064
146,0.9,0.89592
147,0.969,0.96946
148,0.109,0.09
149,0.303,0.30628
150,0.704,0.69342
151,0.625,0.65014
152,0.268,0.27062
153,0.342,0.32546
154,0.07,0.06382
155,0.865,0.85416
156,0.832,0.83384
157,0.115,0.11364
158,0.969,0.9703
159,0.026,0.03492
160,0.474,0.49022
161,0.325,0.32654
162,0.944,0.93856
163,0.323,0.32756
164,0.56,0.56318
165,0.567,0.58174
166,0.012,0.0125
167,0.76,0.75514
168,0.438,0.44006
169,0.129,0.12884
170,0.054,0.04422
171,0.385,0.39938
172,0.236,0.24952
173,0.298,0.33242
174,0.557,0.55804
175,0.336,0.32482
176,0.142,0.14874
177,0.652,0.63584
178,0.306,0.30068
179,0.434,0.42654
180,0.71,0.67638
181,0.649,0.6472
182,0.155,0.1567
183,0.094,0.0943
184,0.977,0.97254
185,0.979,0.97292
186,0.986,0.98218
187,0.137,0.14234
188,0.501,0.48202
189,0.107,0.10696
190,0.734,0.72534
191,0.456,0.43992
192,0.085,0.07732
193,0.217,0.22304
194,0.389,0.38058
195,0.359,0.32342
196,0.707,0.71942
197,0.971,0.97174
198,0.788,0.78964
199,0.749,0.75118
200,0.839,0.85602
201,0.814,0.81382
202,0.192,0.18384
203,0.775,0.77074
204,0.78,0.7764
205,0.64,0.6571
206,0.093,0.0804
207,0.697,0.68432
208,0.634,0.64122
209,0.905,0.91686
210,0.88,0.88378
211,0.876,0.86964
212,0.753,0.75688
213,0.071,0.07412
214,0.761,0.74978
215,0.657,0.66484
216,0.178,0.18176
217,0.397,0.39096
218,0.961,0.9549
219,0.838,0.84314
220,0.526,0.51538
221,0.848,0.8444
222,0.007,0.0072
223,0.964,0.96572
224,0.726,0.73512
225,0.436,0.43028
226,0.568,0.57326
227,0.713,0.70964
228,0.345,0.34072
229,0.593,0.58262
230,0.525,0.49578
231,0.584,0.5781
232,0.094,0.10894
233,0.253,0.24546
234,0.766,0.79212
235,0.494,0.49602
236,0.505,0.51258
237,0.68,0.67966
238,0.99,0.98884
239,0.864,0.87388
240,0.194,0.19342
241,0.041,0.05972
242,0.518,0.4857
243,0.108,0.11784
244,0.235,0.21634
245,0.394,0.40968
246,0.118,0.10526
247,0.477,0.5041
248,0.707,0.71524
249,0.657,0.673
250,0.001,8e-05
251,0.178,0.16762
252,0.429,0.43216
253,0.753,0.74148
254,0.996,0.99092
255,0.993,0.99234
256,0.287,0.29618
257,0.608,0.60082
258,0.59,0.56398
259,0.277,0.27262
260,0.247,0.25536
261,0.834,0.83804
262,0.604,0.58386
263,0.28,0.29084
264,0.678,0.69026
265,0.565,0.55632
266,0.203,0.1965
267,0.56,0.54528
268,0.123,0.11616
269,0.939,0.94042
270,0.608,0.5889
271,0.959,0.9543
272,0.262,0.2683
273,0.912,0.89644
274,0.299,0.28448
275,0.107,0.10418
276,0.119,0.1337
277,0.863,0.85376
278,0.661,0.65008
279,0.115,0.10786
280,0.845,0.85584
281,0.942,0.9514
282,0.991,0.9912
283,0.864,0.87376
284,0.84,0.83094
285,0.353,0.34412
286,0.79,0.7915
287,0.357,0.35312
288,0.414,0.4066
289,0.975,0.97528
290,0.955,0.96374
291,0.228,0.23386
292,0.632,0.62998
293,0.096,0.0878
294,0.569,0.6084
295,0.802,0.8158
296,0.933,0.944
297,0.753,0.75334
298,0.114,0.10818
299,0.377,0.38596
300,0.227,0.21174
301,0.992,0.9918
302,0.224,0.21552
303,0.518,0.53012
304,0.741,0.73158
305,0.502,0.51044
306,0.596,0.57702
307,0.684,0.68118
308,0.895,0.8901
309,0.993,0.9917
310,0.877,0.87266
311,0.192,0.20638
312,0.159,0.1474
313,0.67,0.67018
314,0.717,0.71712
315,0.575,0.58306
316,0.061,0.05728
317,0.323,0.31772
318,0.411,0.42654
319,0.878,0.88186
320,0.487,0.49116
321,0.401,0.38196
322,0.015,0.01888
323,0.256,0.2459
324,0.478,0.5035
325,0.947,0.94828
326,0.403,0.41614
327,0.332,0.32952
328,0.982,0.97832
329,0.752,0.72988
330,0.233,0.22146
331,0.49,0.4899
332,0.119,0.1063
333,0.027,0.02538
334,0.397,0.4028
335,0.922,0.91968
336,0.706,0.69098
337,0.818,0.82004
338,0.734,0.74712
339,0.299,0.29908
340,0.787,0.80444
341,0.353,0.34052
342,0.982,0.9808
343,0.163,0.17088
344,0.292,0.3056
345,0.415,0.38532
346,0.125,0.11684
347,0.476,0.4669
348,0.23,0.21286
349,0.834,0.83082
350,0.008,0.01452
351,0.406,0.39252
352,0.058,0.06496
353,0.635,0.62286
354,0.352,0.35196
355,0.604,0.60418
356,0.713,0.68988
357,0.342,0.34354
358,0.632,0.65586
359,0.577,0.59324
360,0.539,0.57168
361,0.524,0.51696
362,0.559,0.5622
363,0.467,0.44988
364,0.799,0.80634
365,0.998,0.99848
366,0.593,0.61222
367,0.71,0.7001
368,0.637,0.6303
369,0.891,0.8778
370,0.046,0.04556
371,0.717,0.71284
372,0.819,0.80358
373,0.359,0.377
374,0.523,0.54544
375,0.94,0.9404
376,0.383,0.35856
377,0.222,0.23202
378,0.162,0.18096
379,0.861,0.85282
380,0.463,0.44454
381,0.281,0.30078
382,0.068,0.07968
383,0.109,0.11108
384,0.28,0.2799
385,0.119,0.1205
386,0.312,0.29482
387,0.807,0.827
388,0.057,0.07244
389,0.892,0.90422
390,0.86,0.85776
391,0.387,0.4012
392,0.078,0.07894
393,0.219,0.20228
394,0.96,0.94348
395,0.011,0.00938
396,0.509,0.52846
397,0.625,0.63478
398,0.644,0.65778
399,0.995,0.99216
400,0.101,0.09768
401,0.15,0.17066
402,0.165,0.1659
403,0.508,0.50454
404,0.231,0.20856
405,0.32,0.30894
406,0.935,0.93518
407,0.119,0.13388
408,0.435,0.43616
409,0.234,0.2339
410,0.189,0.17056
411,0.445,0.46508
412,0.926,0.93636
413,0.905,0.8978
414,0.135,0.14206
415,0.729,0.74186
416,0.953,0.95448
417,0.963,0.9549
418,0.575,0.57548
419,0.828,0.80712
420,0.867,0.85578
421,0.084,0.06928
422,0.33,0.32722
423,0.27,0.27442
424,0.992,0.99262
425,0.681,0.68874
426,0.985,0.97598
427,0.832,0.82422
428,0.802,0.81362
429,0.206,0.20542
430,0.197,0.18054
431,0.145,0.14216
432,0.631,0.60952
433,0.399,0.42908
434,0.713,0.68826
435,0.145,0.15248
436,0.572,0.5844
437,0.881,0.87916
438,0.686,0.66654
439,0.791,0.8063
440,0.413,0.41796
441,0.412,0.40214
442,0.803,0.78616
443,0.594,0.59524
444,0.926,0.92402
445,0.068,0.06522
446,0.947,0.95322
447,0.293,0.28074
448,0.042,0.03624
449,0.783,0.79184
450,0.107,0.09424
451,0.798,0.80384
452,0.289,0.283
453,0.165,0.1531
454,0.017,0.01634
455,0.682,0.6902
456,0.909,0.92644
457,0.315,0.30336
458,0.495,0.49538
459,0.849,0.8495
460,0.633,0.62742
461,0.884,0.88854
462,0.702,0.70894
463,0.974,0.9817
464,0.313,0.29856
465,0.098,0.09932
466,0.69,0.69732
467,0.896,0.88934
468,0.606,0.61988
469,0.673,0.68134
470,0.549,0.5427
471,0.737,0.72456
472,0.657,0.65258
473,0.142,0.13784
474,0.096,0.08722
475,0.193,0.17554
476,0.107,0.09846
477,0.334,0.36414
478,0.951,0.9461
479,0.766,0.7581
480,0.3,0.2729
481,0.846,0.84466
482,0.547,0.53788
483,0.806,0.79028
484,0.58,0.55728
485,0.271,0.293
486,0.56,0.54542
487,0.3,0.2791
488,0.779,0.78956
489,0.46,0.43076
490,0.654,0.6525
491,0.37,0.36442
492,0.873,0.88234
493,0.16,0.1792
494,0.157,0.14214
495,0.686,0.67104
496,0.62,0.63406
497,0.982,0.98238
498,0.769,0.75144
499,0.198,0.1822
