statistic,bin_left,bin_right,count,density
global_equal_shell_mean,0.4027155086181336,0.40480367585676097,1,0.00957777692803319
global_equal_shell_mean,0.40480367585676097,0.4068918430953884,0,0.0
global_equal_shell_mean,0.4068918430953884,0.40898001033401576,0,0.0
global_equal_shell_mean,0.40898001033401576,0.4110681775726432,1,0.009577776928032937
global_equal_shell_mean,0.4110681775726432,0.41315634481127056,1,0.00957777692803319
global_equal_shell_mean,0.41315634481127056,0.415244512049898,1,0.009577776928032937
global_equal_shell_mean,0.415244512049898,0.41733267928852535,1,0.00957777692803319
global_equal_shell_mean,0.41733267928852535,0.4194208465271528,0,0.0
global_equal_shell_mean,0.4194208465271528,0.42150901376578015,2,0.01915555385606638
global_equal_shell_mean,0.42150901376578015,0.4235971810044076,3,0.028733330784098808
global_equal_shell_mean,0.4235971810044076,0.42568534824303494,2,0.01915555385606638
global_equal_shell_mean,0.42568534824303494,0.4277735154816623,6,0.05746666156819914
global_equal_shell_mean,0.4277735154816623,0.42986168272028974,8,0.07662221542426349
global_equal_shell_mean,0.42986168272028974,0.4319498499589171,2,0.01915555385606638
global_equal_shell_mean,0.4319498499589171,0.43403801719754453,11,0.1053555462083623
global_equal_shell_mean,0.43403801719754453,0.4361261844361719,10,0.09577776928033191
global_equal_shell_mean,0.4361261844361719,0.43821435167479933,8,0.07662221542426349
global_equal_shell_mean,0.43821435167479933,0.4403025189134267,8,0.07662221542426552
global_equal_shell_mean,0.4403025189134267,0.4423906861520541,20,0.19155553856065874
global_equal_shell_mean,0.4423906861520541,0.4444788533906815,15,0.14366665392049785
global_equal_shell_mean,0.4444788533906815,0.4465670206293089,18,0.17239998470459286
global_equal_shell_mean,0.4465670206293089,0.4486551878679363,27,0.25859997705689614
global_equal_shell_mean,0.4486551878679363,0.4507433551065637,33,0.3160666386250869
global_equal_shell_mean,0.4507433551065637,0.4528315223451911,34,0.32564441555312845
global_equal_shell_mean,0.4528315223451911,0.45491968958381845,38,0.36395552326526126
global_equal_shell_mean,0.45491968958381845,0.4570078568224459,50,0.4788888464016468
global_equal_shell_mean,0.4570078568224459,0.4590960240610733,51,0.48846662332967977
global_equal_shell_mean,0.4590960240610733,0.4611841912997007,60,0.5746666156819914
global_equal_shell_mean,0.4611841912997007,0.46327235853832804,86,0.8236888158108544
global_equal_shell_mean,0.46327235853832804,0.46536052577695547,81,0.7757999311706678
global_equal_shell_mean,0.46536052577695547,0.46744869301558284,89,0.852422146594954
global_equal_shell_mean,0.46744869301558284,0.46953686025421026,109,1.04397768515559
global_equal_shell_mean,0.46953686025421026,0.47162502749283763,120,1.1493332313639828
global_equal_shell_mean,0.47162502749283763,0.47371319473146506,137,1.3121554391405124
global_equal_shell_mean,0.47371319473146506,0.47580136197009243,157,1.503710977701211
global_equal_shell_mean,0.47580136197009243,0.47788952920871985,196,1.8772442778944556
global_equal_shell_mean,0.47788952920871985,0.4799776964473472,207,1.9825998241028704
global_equal_shell_mean,0.4799776964473472,0.4820658636859746,223,2.1358442549514014
global_equal_shell_mean,0.4820658636859746,0.484154030924602,292,2.796710862985617
global_equal_shell_mean,0.484154030924602,0.48624219816322944,283,2.710510870633321
global_equal_shell_mean,0.48624219816322944,0.4883303654018568,345,3.304333040171451
global_equal_shell_mean,0.4883303654018568,0.4904185326404842,374,3.5820885710844133
global_equal_shell_mean,0.4904185326404842,0.4925066998791116,397,3.8023774404290758
global_equal_shell_mean,0.4925066998791116,0.494594867117739,455,4.3578885022551015
global_equal_shell_mean,0.494594867117739,0.4966830343563664,464,4.444088494607282
global_equal_shell_mean,0.4966830343563664,0.4987712015949938,515,4.932555117937093
global_equal_shell_mean,0.4987712015949938,0.5008593688336211,543,5.200732871922022
global_equal_shell_mean,0.5008593688336211,0.5029475360722486,694,6.646977188054682
global_equal_shell_mean,0.5029475360722486,0.505035703310876,666,6.378799434070105
global_equal_shell_mean,0.505035703310876,0.5071238705495034,672,6.436266095638304
global_equal_shell_mean,0.5071238705495034,0.5092120377881307,774,7.413199342297689
global_equal_shell_mean,0.5092120377881307,0.5113002050267581,799,7.652643765498519
global_equal_shell_mean,0.5113002050267581,0.5133883722653856,847,8.112377058043682
global_equal_shell_mean,0.5133883722653856,0.515476539504013,957,9.165932520127763
global_equal_shell_mean,0.515476539504013,0.5175647067426403,1025,9.81722135123402
global_equal_shell_mean,0.5175647067426403,0.5196528739812677,1071,10.257799089923546
global_equal_shell_mean,0.5196528739812677,0.5217410412198952,1048,10.03751022057825
global_equal_shell_mean,0.5217410412198952,0.5238292084585225,1125,10.774999044037338
global_equal_shell_mean,0.5238292084585225,0.5259173756971499,1153,11.04317679802227
global_equal_shell_mean,0.5259173756971499,0.5280055429357773,1190,11.397554544359497
global_equal_shell_mean,0.5280055429357773,0.5300937101744048,1254,12.010532267752984
global_equal_shell_mean,0.5300937101744048,0.5321818774130321,1247,11.94348782925739
global_equal_shell_mean,0.5321818774130321,0.5342700446516595,1380,13.217332160685803
global_equal_shell_mean,0.5342700446516595,0.5363582118902869,1270,12.163776698602152
global_equal_shell_mean,0.5363582118902869,0.5384463791289142,1330,12.738443314284144
global_equal_shell_mean,0.5384463791289142,0.5405345463675417,1372,13.14070994526084
global_equal_shell_mean,0.5405345463675417,0.5426227136061691,1368,13.102398837549405
global_equal_shell_mean,0.5426227136061691,0.5447108808447965,1306,12.508576668011347
global_equal_shell_mean,0.5447108808447965,0.5467990480834239,1293,12.384065567946259
global_equal_shell_mean,0.5467990480834239,0.5488872153220513,1382,13.23648771454187
global_equal_shell_mean,0.5488872153220513,0.5509753825606787,1287,12.326598906378717
global_equal_shell_mean,0.5509753825606787,0.553063549799306,1269,12.15419892167412
global_equal_shell_mean,0.553063549799306,0.5551517170379334,1218,11.665732298344427
global_equal_shell_mean,0.5551517170379334,0.5572398842765609,1302,12.470265560298552
global_equal_shell_mean,0.5572398842765609,0.5593280515151883,1228,11.761510067624759
global_equal_shell_mean,0.5593280515151883,0.5614162187538156,1206,11.550798975208028
global_equal_shell_mean,0.5614162187538156,0.563504385992443,1042,9.980043559010584
global_equal_shell_mean,0.563504385992443,0.5655925532310704,972,9.30959917404826
global_equal_shell_mean,0.5655925532310704,0.5676807204696979,965,9.242554735551538
global_equal_shell_mean,0.5676807204696979,0.5697688877083252,931,8.9169103199989
global_equal_shell_mean,0.5697688877083252,0.5718570549469526,848,8.121954834972145
global_equal_shell_mean,0.5718570549469526,0.5739452221855801,775,7.422777119225328
global_equal_shell_mean,0.5739452221855801,0.5760333894242075,732,7.0109327113202955
global_equal_shell_mean,0.5760333894242075,0.5781215566628348,646,6.187243895509441
global_equal_shell_mean,0.5781215566628348,0.5802097239014622,642,6.148932787797309
global_equal_shell_mean,0.5802097239014622,0.5822978911400896,571,5.468910625906952
global_equal_shell_mean,0.5822978911400896,0.584386058378717,467,4.472821825391263
global_equal_shell_mean,0.584386058378717,0.5864742256173444,421,4.032244086701973
global_equal_shell_mean,0.5864742256173444,0.5885623928559718,376,3.6012441249404796
global_equal_shell_mean,0.5885623928559718,0.5906505600945992,351,3.36179970173965
global_equal_shell_mean,0.5906505600945992,0.5927387273332265,298,2.854177524553891
global_equal_shell_mean,0.5927387273332265,0.594826894571854,292,2.796710862985543
global_equal_shell_mean,0.594826894571854,0.5969150618104814,239,2.2890886857999324
global_equal_shell_mean,0.5969150618104814,0.5990032290491087,202,1.9347109394627044
global_equal_shell_mean,0.5990032290491087,0.6010913962877362,192,1.8389331701822749
global_equal_shell_mean,0.6010913962877362,0.6031795635263635,139,1.3313109929966844
global_equal_shell_mean,0.6031795635263635,0.605267730764991,132,1.264266554500314
global_equal_shell_mean,0.605267730764991,0.6073558980036183,109,1.0439776851556177
global_equal_shell_mean,0.6073558980036183,0.6094440652422457,97,0.9290443620192195
global_equal_shell_mean,0.6094440652422457,0.6115322324808732,75,0.7183332696024511
global_equal_shell_mean,0.6115322324808732,0.6136203997195006,64,0.6129777233941242
global_equal_shell_mean,0.6136203997195006,0.6157085669581279,42,0.402266630977394
global_equal_shell_mean,0.6157085669581279,0.6177967341967553,39,0.37353330019329445
global_equal_shell_mean,0.6177967341967553,0.6198849014353827,26,0.24902220012886295
global_equal_shell_mean,0.6198849014353827,0.6219730686740101,29,0.2777555309129478
global_equal_shell_mean,0.6219730686740101,0.6240612359126375,19,0.18197776163263063
global_equal_shell_mean,0.6240612359126375,0.6261494031512649,11,0.1053555462083651
global_equal_shell_mean,0.6261494031512649,0.6282375703898924,8,0.07662221542426145
global_equal_shell_mean,0.6282375703898924,0.6303257376285196,6,0.0574666615682022
global_equal_shell_mean,0.6303257376285196,0.6324139048671471,7,0.06704443849622878
global_equal_shell_mean,0.6324139048671471,0.6345020721057745,2,0.01915555385606638
global_equal_shell_mean,0.6345020721057745,0.6365902393444018,6,0.05746666156819914
global_equal_shell_mean,0.6365902393444018,0.6386784065830293,2,0.019155553856065363
global_equal_shell_mean,0.6386784065830293,0.6407665738216567,1,0.00957777692803319
global_equal_shell_mean,0.6407665738216567,0.6428547410602841,2,0.01915555385606638
global_equal_shell_mean,0.6428547410602841,0.6449429082989114,3,0.02873333078409957
global_equal_shell_mean,0.6449429082989114,0.6470310755375388,0,0.0
global_equal_shell_mean,0.6470310755375388,0.6491192427761663,1,0.009577776928032682
global_equal_shell_mean,0.6491192427761663,0.6512074100147937,0,0.0
global_equal_shell_mean,0.6512074100147937,0.653295577253421,1,0.00957777692803319
median_row_association,0.4232433928249292,0.4258470769169795,1,0.007681423434227278
median_row_association,0.4258470769169795,0.42845076100902985,0,0.0
median_row_association,0.42845076100902985,0.43105444510108015,0,0.0
median_row_association,0.43105444510108015,0.43365812919313046,0,0.0
median_row_association,0.43365812919313046,0.43626181328518077,0,0.0
median_row_association,0.43626181328518077,0.43886549737723113,0,0.0
median_row_association,0.43886549737723113,0.44146918146928144,0,0.0
median_row_association,0.44146918146928144,0.44407286556133174,0,0.0
median_row_association,0.44407286556133174,0.44667654965338205,0,0.0
median_row_association,0.44667654965338205,0.4492802337454324,1,0.007681423434227114
median_row_association,0.4492802337454324,0.4518839178374827,2,0.015362846868454556
median_row_association,0.4518839178374827,0.454487601929533,0,0.0
median_row_association,0.454487601929533,0.45709128602158333,0,0.0
median_row_association,0.45709128602158333,0.4596949701136337,1,0.007681423434227114
median_row_association,0.4596949701136337,0.462298654205684,0,0.0
median_row_association,0.462298654205684,0.4649023382977343,1,0.007681423434227278
median_row_association,0.4649023382977343,0.46750602238978467,0,0.0
median_row_association,0.46750602238978467,0.470109706481835,4,0.030725693736909112
median_row_association,0.470109706481835,0.4727133905738853,5,0.038407117171136394
median_row_association,0.4727133905738853,0.4753170746659356,3,0.023044270302681833
median_row_association,0.4753170746659356,0.47792075875798595,3,0.02304427030268134
median_row_association,0.47792075875798595,0.48052444285003626,12,0.09217708121072733
median_row_association,0.48052444285003626,0.48312812694208657,4,0.030725693736909112
median_row_association,0.48312812694208657,0.4857318110341369,1,0.007681423434227278
median_row_association,0.4857318110341369,0.48833549512618724,12,0.09217708121072536
median_row_association,0.48833549512618724,0.49093917921823754,14,0.10753992807918189
median_row_association,0.49093917921823754,0.49354286331028785,12,0.09217708121072733
median_row_association,0.49354286331028785,0.4961465474023382,14,0.1075399280791796
median_row_association,0.4961465474023382,0.4987502314943885,25,0.19203558585568195
median_row_association,0.4987502314943885,0.5013539155864388,23,0.1766727389872274
median_row_association,0.5013539155864388,0.5039575996784892,22,0.1689913155529965
median_row_association,0.5039575996784892,0.5065612837705394,30,0.23044270302682324
median_row_association,0.5065612837705394,0.5091649678625898,39,0.29957551393485743
median_row_association,0.5091649678625898,0.51176865195464,52,0.3994340185798269
median_row_association,0.51176865195464,0.5143723360466904,54,0.41479686544826416
median_row_association,0.5143723360466904,0.5169760201387408,71,0.5453810638301251
median_row_association,0.5169760201387408,0.519579704230791,88,0.6759652622120148
median_row_association,0.519579704230791,0.5221833883228414,69,0.5300182169616708
median_row_association,0.5221833883228414,0.5247870724148918,91,0.6990095325146674
median_row_association,0.5247870724148918,0.527390756506942,116,0.8910451183703831
median_row_association,0.527390756506942,0.5299944405989924,127,0.9755407761468434
median_row_association,0.5299944405989924,0.5325981246910427,146,1.1214878213971586
median_row_association,0.5325981246910427,0.535201808783093,196,1.5055589931085784
median_row_association,0.535201808783093,0.5378054928751433,172,1.3212048306870636
median_row_association,0.5378054928751433,0.5404091769671937,203,1.5593289571481042
median_row_association,0.5404091769671937,0.543012861059244,293,2.2506570662286403
median_row_association,0.543012861059244,0.5456165451512943,292,2.2429756427943173
median_row_association,0.5456165451512943,0.5482202292433446,297,2.28138275996555
median_row_association,0.5482202292433446,0.5508239133353949,328,2.5195068864264933
median_row_association,0.5508239133353949,0.5534275974274453,376,2.8882152112693946
median_row_association,0.5534275974274453,0.5560312815194955,457,3.5104105094419404
median_row_association,0.5560312815194955,0.5586349656115459,476,3.6563575546921063
median_row_association,0.5586349656115459,0.5612386497035962,525,4.0327473029694065
median_row_association,0.5612386497035962,0.5638423337956465,551,4.23246431225914
median_row_association,0.5638423337956465,0.5664460178876969,642,4.931473844773807
median_row_association,0.5664460178876969,0.5690497019797471,709,5.4461292148672555
median_row_association,0.5690497019797471,0.5716533860717975,775,5.9531031615260135
median_row_association,0.5716533860717975,0.5742570701638479,778,5.976147431828695
median_row_association,0.5742570701638479,0.5768607542558981,857,6.582979883132917
median_row_association,0.5768607542558981,0.5794644383479485,923,7.089953829791626
median_row_association,0.5794644383479485,0.5820681224399988,1024,7.865777596648565
median_row_association,0.5820681224399988,0.5846718065320491,1078,8.280574462097182
median_row_association,0.5846718065320491,0.5872754906240994,1127,8.656964210373957
median_row_association,0.5872754906240994,0.5898791747161498,1257,9.655549256823482
median_row_association,0.5898791747161498,0.5924828588082001,1262,9.69395637399503
median_row_association,0.5924828588082001,0.5950865429002504,1254,9.6325049865208
median_row_association,0.5950865429002504,0.5976902269923008,1373,10.546594375193827
median_row_association,0.5976902269923008,0.600293911084351,1406,10.800081348523783
median_row_association,0.600293911084351,0.6028975951764014,1463,11.237922484274268
median_row_association,0.6028975951764014,0.6055012792684517,1498,11.506772304472706
median_row_association,0.6055012792684517,0.608104963360502,1535,11.79098497153862
median_row_association,0.608104963360502,0.6107086474525523,1425,10.946028393774103
median_row_association,0.6107086474525523,0.6133123315446026,1526,11.721852160630576
median_row_association,0.6133123315446026,0.615916015636653,1467,11.268648178011176
median_row_association,0.615916015636653,0.6185196997287032,1474,11.322418142051248
median_row_association,0.6185196997287032,0.6211233838207536,1475,11.330099565484993
median_row_association,0.6211233838207536,0.623727067912804,1453,11.161108249931997
median_row_association,0.623727067912804,0.6263307520048542,1420,10.907621276602967
median_row_association,0.6263307520048542,0.6289344360969046,1388,10.661815726707234
median_row_association,0.6289344360969046,0.6315381201889549,1356,10.416010176811966
median_row_association,0.6315381201889549,0.6341418042810052,1188,9.1255310398622
median_row_association,0.6341418042810052,0.6367454883730556,1202,9.233070967940991
median_row_association,0.6367454883730556,0.6393491724651059,1190,9.140893886730266
median_row_association,0.6393491724651059,0.6419528565571562,1043,8.011724641899221
median_row_association,0.6419528565571562,0.6445565406492065,942,7.235900875041941
median_row_association,0.6445565406492065,0.6471602247412569,923,7.089953829791626
median_row_association,0.6471602247412569,0.6497639088333071,856,6.57529845969869
median_row_association,0.6497639088333071,0.6523675929253575,715,5.492217755472386
median_row_association,0.6523675929253575,0.6549712770174078,695,5.338589286788071
median_row_association,0.6549712770174078,0.6575749611094581,615,4.724075412049675
median_row_association,0.6575749611094581,0.6601786452015084,550,4.224782888825093
median_row_association,0.6601786452015084,0.6627823292935587,489,3.7562160593370586
median_row_association,0.6627823292935587,0.6653860133856091,429,3.2953306532834317
median_row_association,0.6653860133856091,0.6679896974776593,331,2.542551156729283
median_row_association,0.6679896974776593,0.6705933815697097,287,2.2045685256231815
median_row_association,0.6705933815697097,0.6731970656617601,310,2.3812412646104053
median_row_association,0.6731970656617601,0.6758007497538103,192,1.4748332993716686
median_row_association,0.6758007497538103,0.6784044338458607,196,1.5055589931085143
median_row_association,0.6784044338458607,0.681008117937911,142,1.0907621276602502
median_row_association,0.681008117937911,0.6836118020299613,122,0.9371336589757477
median_row_association,0.6836118020299613,0.6862154861220117,111,0.8526380011992096
median_row_association,0.6862154861220117,0.688819170214062,71,0.5453810638301251
median_row_association,0.688819170214062,0.6914228543061123,52,0.3994340185798269
median_row_association,0.6914228543061123,0.6940265383981626,50,0.3840711717113557
median_row_association,0.6940265383981626,0.696630222490213,45,0.34566405454022014
median_row_association,0.696630222490213,0.6992339065822633,31,0.23812412646105066
median_row_association,0.6992339065822633,0.7018375906743135,18,0.13826562181609395
median_row_association,0.7018375906743135,0.704441274766364,8,0.061451387473814297
median_row_association,0.704441274766364,0.7070449588584142,8,0.06145138747381953
median_row_association,0.7070449588584142,0.7096486429504645,9,0.06913281090804697
median_row_association,0.7096486429504645,0.7122523270425148,6,0.04608854060536268
median_row_association,0.7122523270425148,0.7148560111345652,4,0.030725693736908456
median_row_association,0.7148560111345652,0.7174596952266155,10,0.07681423434227441
median_row_association,0.7174596952266155,0.7200633793186658,3,0.02304427030268134
median_row_association,0.7200633793186658,0.7226670634107162,0,0.0
median_row_association,0.7226670634107162,0.7252707475027664,1,0.007681423434227441
median_row_association,0.7252707475027664,0.7278744315948168,1,0.007681423434227114
median_row_association,0.7278744315948168,0.7304781156868672,0,0.0
median_row_association,0.7304781156868672,0.7330817997789174,0,0.0
median_row_association,0.7330817997789174,0.7356854838709678,1,0.007681423434227114
