candidate_count,scenario,p_safe,replicates,reserve_probability,reserve_ci95_low,reserve_ci95_high,selected_gate_probability_given_reserve,unconditional_selected_qualification_probability,unconditional_selected_ci95_low,unconditional_selected_ci95_high,candidate_and_selected_joint_probability,candidate_gate_and_reserve_probability,inference_aligned_selected_probability_given_reserve,unconditional_inference_aligned_qualification_probability,candidate_and_inference_aligned_joint_probability,selected_pass_given_full_candidate_failure,selected_pass_given_candidate_condition_failure,selected_rank_pass_given_reserve,selected_effective_rank_pass_given_reserve,selected_condition_pass_given_reserve,selected_pair_cosine_pass_given_reserve,selected_cross_block_spread_pass_given_reserve
12,INDEPENDENT,0.6,20000,0.0813,0.0775923060252502,0.08516850496813179,0.7300123001230012,0.05935,0.056159247661147764,0.06270999371509724,0.0013,0.00135,0.9674046740467405,0.07865,0.00135,0.726078799249531,0.726078799249531,1.0,0.9686346863468634,0.7380073800738007,0.9981549815498155,1.0
12,INDEPENDENT,0.65,20000,0.15235,0.14743641064219745,0.1573971120276121,0.7197243190022974,0.10965,0.10539443016185568,0.11405549238714519,0.00245,0.00255,0.9698063669182803,0.14775,0.00255,0.7156208277703605,0.7156208277703605,1.0,0.9704627502461437,0.7282573022645225,0.9990154250082048,1.0
12,INDEPENDENT,0.7,20000,0.25675,0.2507429276200903,0.2628504979212045,0.7195715676728335,0.18475,0.17943209686973638,0.19018898186363753,0.0043,0.0047,0.9711781888997079,0.24935,0.0047,0.7159293790914502,0.7159293790914502,1.0,0.9715676728334957,0.7293086660175268,0.9994157740993184,1.0
12,INDEPENDENT,0.75,20000,0.39335,0.38660105137454875,0.40013990991621834,0.7270878352612178,0.286,0.2797788102179903,0.2923033812140225,0.006,0.0063,0.9738146688699632,0.38305,0.0063,0.7234207466735564,0.7234207466735564,1.0,0.9740688953857888,0.7354773102834625,0.9996186602262616,1.0
12,INDEPENDENT,0.775,20000,0.47305,0.4661363919134016,0.4799739588300225,0.724976218158757,0.34295,0.3364019063475749,0.34955841217764755,0.0074,0.00775,0.9744213085297537,0.46095,0.00775,0.7211476466795615,0.7211476466795615,1.0,0.974738399746327,0.733326286861854,0.9995772117112356,1.0
12,INDEPENDENT,0.8,20000,0.5592,0.5523085060286812,0.566068756902276,0.723175965665236,0.4044,0.39761730987369676,0.4112194074202304,0.0086,0.009,0.974964234620887,0.5452,0.009,0.7193747728098873,0.7193747728098873,1.0,0.9752324749642346,0.7305972818311874,0.9996423462088698,1.0
12,INDEPENDENT,0.85,20000,0.7355,0.7293424362184513,0.7415671147991234,0.7237933378653977,0.53235,0.5254294487233111,0.539258126543859,0.01235,0.01295,0.9749830047586676,0.7171,0.01295,0.7196733790049131,0.7196733790049131,1.0,0.9751869476546567,0.730931339225017,0.9996600951733514,1.0
12,INDEPENDENT,0.9,20000,0.89005,0.8856393783375073,0.8943108143351256,0.7264198640525813,0.64655,0.6398972464561252,0.6531464677758305,0.0153,0.01625,0.9761249368013033,0.8688,0.01625,0.7224193179217212,0.7224193179217212,1.0,0.9762934666591765,0.7323184090781417,0.9997191169035448,1.0
12,WEAK_AXIS4,0.6,20000,0.08285,0.07910931662681348,0.0867508990547946,0.7103198551599276,0.05885,0.05567229183680263,0.06219714157549847,0.0015,0.0017,0.971635485817743,0.0805,0.0017,0.7067159581022797,0.7067159581022797,1.0,0.971635485817743,0.7175618587809294,1.0,1.0
12,WEAK_AXIS4,0.65,20000,0.149,0.1441323744363709,0.15400243487501453,0.7298657718120806,0.10875,0.10451022509103525,0.11314004312286663,0.00255,0.0028,0.9781879194630873,0.14575,0.0028,0.7264021887824897,0.7264021887824897,1.0,0.9781879194630873,0.7359060402684564,1.0,1.0
12,WEAK_AXIS4,0.7,20000,0.2529,0.24692367841845964,0.2589712258004673,0.7184657967576117,0.1817,0.17641728391127165,0.18710496624204453,0.00445,0.00475,0.9764729141953341,0.24695,0.00475,0.7142857142857143,0.7142857142857143,1.0,0.9766706207987347,0.7238038750494267,0.9998022933965994,1.0
12,WEAK_AXIS4,0.75,20000,0.3937,0.3869499272735883,0.40049089959193956,0.7200914401828804,0.2835,0.27729581079751375,0.2897873408147795,0.00675,0.00705,0.9761239522479045,0.3843,0.00705,0.7157636105004526,0.7157636105004526,1.0,0.976250952501905,0.7265684531369063,0.9998729997459995,1.0
12,WEAK_AXIS4,0.775,20000,0.47515,0.46823447945669056,0.4820750647352979,0.7227191413237924,0.3434,0.33684976049375404,0.35001038519901795,0.0087,0.00905,0.9771651057560771,0.4643,0.00905,0.7180862475863549,0.7180862475863549,1.0,0.9772703356834683,0.7292433968220562,0.9998947700726086,1.0
12,WEAK_AXIS4,0.8,20000,0.5606,0.5537105778027301,0.5674661474272699,0.7250267570460222,0.40645,0.3996614450445008,0.4132744849015963,0.0103,0.01055,0.9769889404209775,0.5477,0.01055,0.7202072538860104,0.7202072538860104,1.0,0.9771673207277917,0.7313592579379237,0.9998216196931858,1.0
12,WEAK_AXIS4,0.85,20000,0.7351,0.7289395572750947,0.7411701473713248,0.7228948442388791,0.5314,0.5244787903509863,0.5383091497846902,0.0129,0.0133,0.9770779485784247,0.71825,0.0133,0.7183430313106124,0.7183430313106124,1.0,0.9772139844919059,0.7294245680859747,0.9997959461297783,1.0
12,WEAK_AXIS4,0.9,20000,0.88705,0.8825886394779491,0.8913627054110204,0.7211543881404656,0.6397,0.6330202077514401,0.6463261373744843,0.01555,0.01655,0.9770587903725833,0.8667,0.01655,0.7170017231476163,0.7170017231476163,1.0,0.9771715235894256,0.7277492813257427,0.9997745335663153,1.0
12,MODERATE_AXIS4,0.6,20000,0.08445,0.08067567943217935,0.08838392173404919,0.7063351095322676,0.05965,0.05645145268491141,0.06301767346969993,0.0014,0.0015,0.9775014801657785,0.08255,0.0015,0.7022302591922845,0.7022302591922845,1.0,0.9775014801657785,0.7140319715808171,1.0,1.0
12,MODERATE_AXIS4,0.65,20000,0.1538,0.1488667768877063,0.15886618887754048,0.7106631989596879,0.1093,0.10505056165498668,0.11369949531925345,0.00295,0.00315,0.976592977893368,0.1502,0.00315,0.7059409226684368,0.7059409226684368,1.0,0.976592977893368,0.7181404421326398,1.0,1.0
12,MODERATE_AXIS4,0.7,20000,0.2536,0.24761804114416078,0.25967659422428757,0.7115536277602523,0.18045,0.17518186654718443,0.185840863696272,0.0046,0.00485,0.9749605678233438,0.24725,0.00485,0.7069346733668341,0.7069346733668341,1.0,0.9751577287066246,0.7196372239747634,0.9998028391167192,1.0
12,MODERATE_AXIS4,0.75,20000,0.38965,0.38291315769910106,0.3964292246584812,0.7099961503913769,0.27665,0.2704936096577403,0.28289217284852164,0.0073,0.0076,0.9734377005004491,0.3793,0.0076,0.7050124329276273,0.7050124329276273,1.0,0.9735660207878866,0.7170537662004363,0.9998716797125625,1.0
12,MODERATE_AXIS4,0.775,20000,0.47095,0.46403842710654053,0.4778727301883191,0.7133453657500797,0.33595,0.32943613455204906,0.34252687247795893,0.0083,0.00875,0.973351735853063,0.4584,0.00875,0.7088922544353093,0.7088922544353093,1.0,0.9734579042361184,0.7206709841809109,0.9998938316169445,1.0
12,MODERATE_AXIS4,0.8,20000,0.5607,0.5538107279108115,0.5675659589119773,0.7165150704476547,0.40175,0.39497507376006014,0.40856266132496444,0.01045,0.0109,0.9732477260567148,0.5457,0.0109,0.7117133503092034,0.7117133503092034,1.0,0.9735152487961477,0.7235598359193864,0.9997324772605671,1.0
12,MODERATE_AXIS4,0.85,20000,0.7337,0.7275295316978767,0.7397807106495,0.7197083276543547,0.52805,0.5211266694315893,0.5349625573456633,0.0131,0.01365,0.9745808913724956,0.71505,0.01365,0.7151586695368377,0.7151586695368377,1.0,0.9747853346054246,0.72672754531825,0.999795556767071,1.0
12,MODERATE_AXIS4,0.9,20000,0.88565,0.88116529971799,0.8899865828719367,0.7265285383616553,0.64345,0.6367848268239769,0.6500600780315267,0.01565,0.0163,0.9743691074352171,0.86295,0.0163,0.7221487318111233,0.7221487318111233,1.0,0.9744820188562073,0.7328515779371083,0.9998306328685147,1.0
12,ADVERSARIAL_AXIS4_TOP10,NA,20000,1.0,1.0,1.0,0.7191,0.7191,0.7128295920610778,0.7252862577391371,0.0178,0.0187,0.97335,0.97335,0.0187,0.7146642209314175,0.7146642209314175,1.0,0.97345,0.72645,0.9999,1.0
16,INDEPENDENT,0.6,20000,0.5283,0.5213768169161105,0.5352123138431141,0.7226954381979935,0.3818,0.3750901993170923,0.3885551980065708,0.09185,0.1106,0.977096346772667,0.5162,0.11045,0.6941584869523582,0.6942415898479588,1.0,0.9775695627484384,0.7301722506151808,0.9995267840242287,1.0
16,INDEPENDENT,0.65,20000,0.68745,0.6809904024162781,0.6938376032662883,0.7247072514364681,0.4982,0.49127153682435565,0.5051291545054463,0.12105,0.1448,0.9758527892937668,0.67085,0.1447,0.6950152031696305,0.69498709915223,1.0,0.9760709869808714,0.7320532402356535,0.9997818023128955,1.0
16,INDEPENDENT,0.7,20000,0.82525,0.8199246618819602,0.8304504186635437,0.7277794607694638,0.6006,0.5937934937418325,0.6073678686036792,0.14465,0.1715,0.9766737352317479,0.806,0.171,0.6974378585086042,0.6974680639485964,1.0,0.976916086034535,0.7346258709481975,0.999757649197213,1.0
16,INDEPENDENT,0.75,20000,0.9218,0.9179975164028309,0.9254404819802391,0.7247233673247993,0.66805,0.6614918718335524,0.6745435848479909,0.1621,0.19285,0.9767303102625299,0.90035,0.19235,0.6940805267851019,0.6941071551073609,1.0,0.9770015187676285,0.7312866131481883,0.9997287914949012,1.0
16,INDEPENDENT,0.775,20000,0.9516,0.9485380101265751,0.9544885429075513,0.7238335435056746,0.6888,0.6823477386956704,0.6951797484895443,0.16585,0.19935,0.9765132408575031,0.92925,0.19885,0.6951811232967764,0.695207073057236,1.0,0.976723413198823,0.730401429171921,0.9997898276586801,1.0
16,INDEPENDENT,0.8,20000,0.97385,0.9715457019696663,0.9759723054599634,0.7233146788519793,0.7044,0.6980371878171316,0.7106843078431329,0.17,0.20385,0.9759203162704728,0.9504,0.2034,0.694025974025974,0.6940511754773347,1.0,0.9761256867073985,0.7301432458797557,0.9997946295630744,1.0
16,INDEPENDENT,0.85,20000,0.995,0.9939228956291228,0.9958869886753337,0.724321608040201,0.7207,0.7144401403427424,0.7268750949420931,0.17475,0.2084,0.9750753768844221,0.9702,0.2079,0.6940630561912027,0.6940877304513668,1.0,0.9751758793969849,0.7320603015075376,0.9998994974874372,1.0
16,INDEPENDENT,0.9,20000,0.99925,0.9987628321888334,0.9995454198091459,0.7231923942957218,0.72265,0.716403128856398,0.7288113574878187,0.17535,0.2093,0.9740305228921692,0.9733,0.20895,0.6928286600417748,0.6928530733683611,1.0,0.9741305979484614,0.7304478358769076,0.9998999249437078,1.0
16,WEAK_AXIS4,0.6,20000,0.5271,0.5201761248587672,0.5340134667869919,0.7283247960538797,0.3839,0.37718278377305214,0.3906618069991754,0.0934,0.11165,0.9769493454752419,0.51495,0.11165,0.6992417860151643,0.6993259508907077,1.0,0.9769493454752419,0.7343957503320053,1.0,1.0
16,WEAK_AXIS4,0.65,20000,0.6865,0.68003527785606,0.6928930926950129,0.7260014566642389,0.4984,0.4914714889956584,0.5053291255197212,0.12135,0.14295,0.9761835396941005,0.67015,0.1429,0.6936804341826879,0.6937442502299908,1.0,0.9762563729060452,0.7321922796795338,0.9999271667880554,1.0
16,WEAK_AXIS4,0.7,20000,0.82395,0.8186095393967011,0.8291660404425486,0.7224952970447236,0.5953,0.5884798418491167,0.6020835560785899,0.1443,0.1719,0.9764548819709934,0.80455,0.1717,0.6916647496357641,0.691717791411043,1.0,0.9765762485587718,0.7289884094908672,0.9998786334122216,1.0
16,WEAK_AXIS4,0.75,20000,0.9202,0.916363231977177,0.9238753809212726,0.7259291458378614,0.668,0.6614416342643443,0.6744938416208046,0.16075,0.1921,0.9760378178656813,0.89815,0.19195,0.6966762807306689,0.696724126090241,1.0,0.9762008259074114,0.7319061073679635,0.9998369919582699,1.0
16,WEAK_AXIS4,0.775,20000,0.9517,0.9486409069288971,0.9545856076980178,0.723757486602921,0.6888,0.6823477386956704,0.6951797484895443,0.16515,0.1989,0.9751497320584218,0.92805,0.19875,0.6956030818278427,0.695582862836267,1.0,0.9753073447514973,0.7299043816328675,0.9998423873069244,1.0
16,WEAK_AXIS4,0.8,20000,0.97295,0.9706092185576898,0.9751091345368408,0.7259365846138034,0.7063,0.6999486804560214,0.7125720854672298,0.16935,0.2028,0.9756924816280385,0.9493,0.20275,0.697201843796663,0.6971821841319309,1.0,0.9758466519348373,0.7317436661698957,0.9998458296932011,1.0
16,WEAK_AXIS4,0.85,20000,0.99495,0.9938680784831044,0.9958418250249577,0.7307904919845218,0.7271,0.7208833205181554,0.7332294567051617,0.17545,0.2083,0.9752751394542439,0.97035,0.20815,0.7012648573062988,0.7012458682939232,1.0,0.9752751394542439,0.7375244987185285,1.0,1.0
16,WEAK_AXIS4,0.9,20000,0.9995,0.9990797771249671,0.9997283788549844,0.729664832416208,0.7293,0.7230985326449053,0.7354133996197649,0.1769,0.20935,0.9739869934967483,0.9735,0.20895,0.6991077643485414,0.699069679134232,1.0,0.9740370185092546,0.7366183091545773,0.9999499749874937,1.0
16,MODERATE_AXIS4,0.6,20000,0.52585,0.5189254465842377,0.5327646251516618,0.7260625653703527,0.3818,0.3750901993170923,0.3885551980065708,0.08925,0.10715,0.9749928686887895,0.5127,0.10695,0.6987102937664199,0.6986743102830527,1.0,0.9751830369877341,0.7332889607302463,0.9998098317010554,1.0
16,MODERATE_AXIS4,0.65,20000,0.68895,0.682498557759964,0.6953288718144339,0.7173234632411641,0.4942,0.48727272617751877,0.501129501440732,0.11655,0.1415,0.975107046955512,0.6718,0.14115,0.6898346880993698,0.689806357325539,1.0,0.9753973437840192,0.7242180129182089,0.9997097031714929,1.0
16,MODERATE_AXIS4,0.7,20000,0.82575,0.8204305066268135,0.8309443818826342,0.7195882531032395,0.5942,0.5873771117172993,0.6009867086897304,0.14055,0.17165,0.9752951861943687,0.80535,0.17155,0.6935483870967742,0.6935249598654537,1.0,0.9754162882228278,0.7266727217680896,0.9998183469573115,1.0
16,MODERATE_AXIS4,0.75,20000,0.9213,0.9174867539336058,0.9249514364855205,0.721643330077065,0.66485,0.6582768341588069,0.6713598515534954,0.1594,0.19285,0.9752523607945295,0.8985,0.1927,0.6938705470519596,0.6938971648246035,1.0,0.9755237164875719,0.7293498317594703,0.9997286443069575,1.0
16,MODERATE_AXIS4,0.775,20000,0.95325,0.9502362627410397,0.9560896565741015,0.7214266981379491,0.6877,0.6812417561980634,0.694086153466475,0.16635,0.19975,0.9757671125098347,0.93015,0.19945,0.6919044459190444,0.6919299177063977,1.0,0.9760293731969578,0.7289273537896669,0.999737739312877,1.0
16,MODERATE_AXIS4,0.8,20000,0.97405,0.9717539017232905,0.9761640288919166,0.7192649247985217,0.7006,0.6942145966029741,0.7069083585313166,0.1699,0.2037,0.975360607771675,0.95005,0.2033,0.6889076393846952,0.6889970788704965,1.0,0.975514603973102,0.7268620707355885,0.9998460037985729,1.0
16,MODERATE_AXIS4,0.85,20000,0.99455,0.9934303763700838,0.9954796807668231,0.7221859132270876,0.71825,0.711974028043761,0.7244421482177494,0.17345,0.20805,0.9754160172942536,0.9701,0.2075,0.6926891290527654,0.6927772126144456,1.0,0.9755165652807802,0.7294253682570007,0.9998994520134734,1.0
16,MODERATE_AXIS4,0.9,20000,0.9995,0.9990797771249671,0.9997283788549844,0.724512256128064,0.72415,0.717913219848162,0.7303006903878863,0.17445,0.20925,0.9765382691345673,0.97605,0.209,0.6956026573869029,0.6956274125166108,1.0,0.9766383191595798,0.7317658829414707,0.9998999499749875,1.0
16,ADVERSARIAL_AXIS4_TOP10,NA,20000,1.0,1.0,1.0,0.71175,0.71175,0.7054323830538799,0.7179862896763597,0.1747,0.20935,0.9715,0.9715,0.2088,0.6792512489723646,0.6792106761115679,1.0,0.97175,0.71925,0.99965,1.0
19,INDEPENDENT,0.6,20000,0.8106,0.805110215464465,0.8159704917374827,0.7257586972612879,0.5883,0.5814630712549261,0.5951030151775659,0.302,0.38145,0.9745250431778929,0.78995,0.37915,0.6671327041826867,0.6671716583148817,1.0,0.9745867258820626,0.7330372563533185,0.9999383172958303,1.0
19,INDEPENDENT,0.65,20000,0.91065,0.906617466724761,0.9145248140623602,0.7243177949816065,0.6596,0.6530028923165945,0.6661358097742969,0.34155,0.43075,0.9747982210508978,0.8877,0.42775,0.662742237966243,0.6627761567319717,1.0,0.9748531268873881,0.7316202712348323,0.9998901883270191,1.0
19,INDEPENDENT,0.7,20000,0.96605,0.9634492682674457,0.9684717349246591,0.7234615185549402,0.6989,0.692504658897545,0.7052189491593366,0.36125,0.4566,0.9735003364215102,0.94045,0.45285,0.6627735793502797,0.6628055364680475,1.0,0.9735520935769371,0.7308627917809637,0.9998964856891466,1.0
19,INDEPENDENT,0.75,20000,0.99055,0.9891117484659134,0.9917998449594424,0.7248498309020242,0.718,0.7117223968027993,0.724193875476739,0.3688,0.46665,0.9725405077986977,0.96335,0.4628,0.6665394159190685,0.6665712103856434,1.0,0.9725909848064207,0.7328756751299783,0.999949522992277,1.0
19,INDEPENDENT,0.775,20000,0.9955,0.9944724686459953,0.9963372236224052,0.7245605223505776,0.7213,0.7150441212325819,0.7274708836089864,0.37085,0.4697,0.9717227523857358,0.96735,0.4657,0.6665081780144542,0.666539851626403,1.0,0.9717729784028126,0.7322953289804118,0.9999497739829232,1.0
19,INDEPENDENT,0.8,20000,0.99815,0.9974512113609938,0.9986574631163091,0.7232880829534639,0.72195,0.7156984494751465,0.7281163057195487,0.37125,0.471,0.9723488453639233,0.97055,0.4669,0.6652755382718392,0.665306896878854,1.0,0.9723989380353655,0.7307518909983469,0.9999499073285578,1.0
19,INDEPENDENT,0.85,20000,0.9999,0.9996354263863794,0.9999725759647273,0.7236723672367237,0.7236,0.7173595097061354,0.7297546117695746,0.36935,0.4716,0.9741474147414741,0.97405,0.46795,0.6705470376679916,0.670579326012874,1.0,0.9741974197419742,0.7309730973097309,0.9999499949995,1.0
19,INDEPENDENT,0.9,20000,1.0,0.9998079639438954,0.9999999999999999,0.7222,0.7222,0.7159501185142758,0.7283645406623911,0.3717,0.47165,0.9745,0.9745,0.4685,0.6633860130595249,0.6634169427354473,1.0,0.97455,0.73015,0.9999,1.0
19,WEAK_AXIS4,0.6,20000,0.8116,0.8061210344864249,0.8169592886434107,0.7225850172498768,0.58645,0.5796088773651327,0.5932579196007668,0.2997,0.38045,0.9761582060128142,0.79225,0.3781,0.6650817580888322,0.6651200556779956,1.0,0.976343026121242,0.728437654016757,0.9998151798915722,1.0
19,WEAK_AXIS4,0.65,20000,0.91155,0.9075353024422983,0.915406632679922,0.7231638418079096,0.6592,0.6526011050927595,0.6657377506269767,0.33895,0.4297,0.976194394163787,0.88985,0.4269,0.6646259209297499,0.6646600934094448,1.0,0.9763040974164884,0.7293072239591903,0.9998354451209478,1.0
19,WEAK_AXIS4,0.7,20000,0.96815,0.9656250161856181,0.970495180455051,0.7293291328823013,0.7061,0.6997474644854521,0.7123733782522214,0.3621,0.45685,0.9746940040283014,0.94365,0.4536,0.6727948366907882,0.6728286384976526,1.0,0.9748489386975159,0.7354232298714042,0.9997934204410474,1.0
19,WEAK_AXIS4,0.75,20000,0.9918,0.990452279883063,0.9929588334521525,0.7306412583182094,0.72465,0.7184166028874043,0.730797115312588,0.37,0.46795,0.975095785440613,0.9671,0.4647,0.6770067767490694,0.6770405727923627,1.0,0.975247025610002,0.7370437588223432,0.9998487598306111,1.0
19,WEAK_AXIS4,0.775,20000,0.9962,0.995246781717087,0.9969626417008347,0.7268620758883758,0.7241,0.7178628820779246,0.7302510473617293,0.3704,0.4701,0.9751054005219836,0.9714,0.4664,0.6723056453145789,0.6723384030418251,1.0,0.9752057819714917,0.7334872515559124,0.9998996185504919,1.0
19,WEAK_AXIS4,0.8,20000,0.99855,0.9979183363699895,0.9989901844784685,0.7283561163687347,0.7273,0.7210846955801422,0.7334280048287525,0.37205,0.47105,0.9752641329928396,0.97385,0.46795,0.6734597156398104,0.6734926052332195,1.0,0.9753642782033949,0.7351159180812178,0.9998998547894447,1.0
19,WEAK_AXIS4,0.85,20000,0.99985,0.9995590363727073,0.999948985182005,0.7296594489173376,0.72955,0.7233502733604726,0.7356615628861698,0.37175,0.47155,0.976896534480172,0.97675,0.4687,0.6772667045239448,0.677300265051117,1.0,0.9770465569835476,0.736010401560234,0.9998499774966245,1.0
19,WEAK_AXIS4,0.9,20000,1.0,0.9998079639438954,0.9999999999999999,0.72865,0.72865,0.7224440183281962,0.7347681635833472,0.3715,0.47165,0.97565,0.97565,0.4683,0.6759723668023091,0.6761003312825367,1.0,0.97585,0.7354,0.9998,1.0
19,MODERATE_AXIS4,0.6,20000,0.80915,0.8036446300478278,0.8145366340586827,0.7216832478526849,0.58395,0.5771033676011736,0.5907643895450063,0.29915,0.38225,0.975344497311994,0.7892,0.37895,0.6671351604591239,0.6671743205248359,1.0,0.9754062905518136,0.728604090712476,0.9999382067601804,1.0
19,MODERATE_AXIS4,0.65,20000,0.90915,0.9050880082000607,0.9130548486952288,0.7219930704504207,0.6564,0.6497887400057512,0.6629511911158992,0.33605,0.4287,0.9749766265192763,0.8864,0.4251,0.6667707357685503,0.6668054543561986,1.0,0.9750316229445086,0.7286476379035363,0.9999450035747677,1.0
19,MODERATE_AXIS4,0.7,20000,0.9659,0.9632939587502195,0.9683271020527021,0.7222797391034269,0.69765,0.6912474179408975,0.7039766702061244,0.3564,0.45575,0.9737550471063257,0.94055,0.45245,0.6689209056159953,0.6690520537202235,1.0,0.9738068122994099,0.7297856921006315,0.9998964696138316,1.0
19,MODERATE_AXIS4,0.75,20000,0.9905,0.9890582590131506,0.9917533536158109,0.723876829883897,0.717,0.710715895579379,0.7232007607722716,0.3663,0.467,0.9746592629984856,0.9654,0.46375,0.6699140401146132,0.6700420328620558,1.0,0.9747097425542656,0.7312973245835437,0.9998990408884402,1.0
19,MODERATE_AXIS4,0.775,20000,0.99535,0.994307318008138,0.996202431871079,0.7239664439644347,0.7206,0.714339478204133,0.7267757954879137,0.369,0.4693,0.9745315718089115,0.97,0.4658,0.6683775306529798,0.6685046107044396,1.0,0.9745818053950872,0.730999146029035,0.9998995328276485,1.0
19,MODERATE_AXIS4,0.8,20000,0.99795,0.9972203323503435,0.9984884189413819,0.7227817024901048,0.7213,0.7150441212325819,0.7274708836089864,0.3711,0.47055,0.9742973094844432,0.9723,0.4671,0.664012135001896,0.6641380618243884,1.0,0.9743474121949998,0.7300465955208176,0.9998496918683301,1.0
19,MODERATE_AXIS4,0.85,20000,0.9998,0.9994858195143681,0.9999222212439498,0.7256451290258051,0.7255,0.7192723763585248,0.7316410153801721,0.37515,0.47155,0.9747949589917984,0.9746,0.46815,0.6632276384287743,0.6633532140490391,1.0,0.9748949789957991,0.7325965193038608,0.9998499699939988,1.0
19,MODERATE_AXIS4,0.9,20000,0.99995,0.9997168094297738,0.9999911737177268,0.7238361918095905,0.7238,0.71756085749227,0.7299531871690175,0.3739,0.4716,0.9734986749337466,0.97345,0.4683,0.6622504021955143,0.6623757690487458,1.0,0.9736486824341217,0.7315865793289664,0.9997999899994999,1.0
19,ADVERSARIAL_AXIS4_TOP10,NA,20000,1.0,1.0,1.0,0.72025,0.72025,0.7139871637373426,0.7264282443799431,0.3725,0.47165,0.97355,0.97355,0.4684,0.6581811299328096,0.6581164221486039,1.0,0.9736,0.72785,0.99995,1.0
22,INDEPENDENT,0.6,20000,0.9419,0.938572261320851,0.9450580172127635,0.7227412676504937,0.68075,0.6742549262676105,0.6871756526981077,0.5031,0.66645,0.9731393990869519,0.9166,0.65645,0.6449446360500999,0.6450381679389313,1.0,0.9732986516615352,0.7301199702728527,0.9998407474254167,1.0
22,INDEPENDENT,0.65,20000,0.98065,0.9786465425256914,0.9824688532135752,0.7228368938969051,0.70885,0.7025143129192165,0.7151054736201484,0.5224,0.693,0.9743027583745475,0.95545,0.6827,0.6481835564053537,0.6482158398607485,1.0,0.9745067047366542,0.7305868556569622,0.9997960536378933,1.0
22,INDEPENDENT,0.7,20000,0.9953,0.9942523225551475,0.9961574465276751,0.7240028132221441,0.7206,0.714339478204133,0.7267757954879137,0.53205,0.7036,0.9746307645935899,0.97005,0.69405,0.6463832704833733,0.6463519313304721,1.0,0.9748819451421682,0.7310861046920526,0.9997488194514217,1.0
22,INDEPENDENT,0.75,20000,0.99945,0.9990153237654903,0.9996928514180666,0.723047676221922,0.72265,0.716403128856398,0.7288113574878187,0.53335,0.7063,0.9744359397668718,0.9739,0.69685,0.645744499403036,0.6457123334472156,1.0,0.974636049827405,0.7303016659162539,0.9997998899394667,1.0
22,INDEPENDENT,0.775,20000,0.9999,0.9996354263863794,0.9999725759647273,0.7257225722572257,0.72565,0.7194233981269161,0.7317899360009638,0.53535,0.7066,0.9731973197319732,0.9731,0.69655,0.6488237299693147,0.6486255762335666,1.0,0.9733973397339734,0.7331233123312331,0.9997999799979999,1.0
22,INDEPENDENT,0.8,20000,1.0,0.9998079639438954,0.9999999999999999,0.72345,0.72345,0.7172084998830532,0.7296056792034737,0.5346,0.70665,0.97295,0.97295,0.696,0.6437702403272542,0.6437350631614885,1.0,0.97325,0.731,0.9997,1.0
22,INDEPENDENT,0.85,20000,1.0,0.9998079639438954,0.9999999999999999,0.7185,0.7185,0.712225661662599,0.7246904185808833,0.5323,0.70665,0.9721,0.9721,0.6959,0.6347366626896199,0.6346876066917037,1.0,0.9724,0.7269,0.9997,1.0
22,INDEPENDENT,0.9,20000,1.0,0.9998079639438954,0.9999999999999999,0.718,0.718,0.7117223968027993,0.724193875476739,0.5321,0.70665,0.9722,0.9722,0.6957,0.6337139935230953,0.6338340730624786,1.0,0.97255,0.7259,0.99965,1.0
22,WEAK_AXIS4,0.6,20000,0.9429,0.9395983688469018,0.9460315256146006,0.7200657545869127,0.67895,0.6724456579715337,0.6853856123239865,0.50245,0.66665,0.9733269699862127,0.91775,0.6559,0.6389140271493212,0.6391154613014319,1.0,0.9736981652349136,0.7267472690635274,0.9996288047512992,1.0
22,WEAK_AXIS4,0.65,20000,0.98155,0.9795903755251485,0.9833246745492172,0.7214609546126025,0.70815,0.7018099978133016,0.7144100575765419,0.52465,0.69315,0.9725434262136416,0.9546,0.6813,0.6362690707350902,0.6363952075013023,1.0,0.9728490652539351,0.7284397126993021,0.9996943609597065,1.0
22,WEAK_AXIS4,0.7,20000,0.9959,0.9949141579643698,0.9966953806751856,0.7176423335676273,0.7147,0.7084010863716115,0.7209164533458972,0.5284,0.7035,0.9724369916658299,0.96845,0.69185,0.637140902872777,0.6372666552491865,1.0,0.9727382267295913,0.725625062757305,0.9996987649362385,1.0
22,WEAK_AXIS4,0.75,20000,0.99935,0.9988881316487883,0.9996200819419798,0.7150647921148746,0.7146,0.7083004470175382,0.7208171311071816,0.52955,0.70605,0.9717816580777505,0.97115,0.69405,0.6309239686327992,0.6310397814580844,1.0,0.9720318206834443,0.722719767849102,0.9997498373943063,1.0
22,WEAK_AXIS4,0.775,20000,0.99975,0.9994148495964674,0.9998932103654561,0.7163790947736934,0.7162,0.7099107218895971,0.7224062417197431,0.53095,0.7064,0.9724431107776944,0.9722,0.69485,0.6314982103289586,0.6317855923523387,1.0,0.9727431857964491,0.7236809202300575,0.9996999249812453,1.0
22,WEAK_AXIS4,0.8,20000,1.0,0.9998079639438954,0.9999999999999999,0.71635,0.71635,0.7100616901119969,0.7225552158865267,0.5304,0.70665,0.9725,0.9725,0.69495,0.6338844383841827,0.6341754865141687,1.0,0.9728,0.72375,0.9997,1.0
22,WEAK_AXIS4,0.85,20000,1.0,0.9998079639438954,0.9999999999999999,0.71775,0.71775,0.7114707679377937,0.7239456003597727,0.531,0.70665,0.97285,0.97285,0.69465,0.6366115561615817,0.6372482075793786,1.0,0.9732,0.724,0.99965,1.0
22,WEAK_AXIS4,0.9,20000,1.0,0.9998079639438954,0.9999999999999999,0.7195,0.7195,0.7132322199552952,0.7256834762160749,0.5326,0.70665,0.9742,0.9742,0.69555,0.6371228907448441,0.6375896210310686,1.0,0.9745,0.726,0.9997,1.0
22,MODERATE_AXIS4,0.6,20000,0.94715,0.9439625026652331,0.9501657594897926,0.7244364672966267,0.68615,0.6796833977563944,0.6925451072199179,0.51005,0.6693,0.9742385049886502,0.92275,0.66035,0.6337952132445565,0.6337418889689979,1.0,0.9743968748350315,0.7322493797181017,0.999788840204825,1.0
22,MODERATE_AXIS4,0.65,20000,0.98185,0.9799052375006304,0.9836096973521015,0.7201201812904211,0.70705,0.7007032534126403,0.7133172244565267,0.52315,0.69385,0.9732647553088557,0.9556,0.68365,0.6385416666666667,0.6388454181881412,1.0,0.973621225238071,0.7283699139379742,0.9996435300707848,1.0
22,MODERATE_AXIS4,0.7,20000,0.99595,0.9949695101107263,0.9967400093252234,0.7214217581203876,0.7185,0.712225661662599,0.7246904185808833,0.5303,0.7037,0.9747979316230735,0.97085,0.69385,0.6439692044482463,0.6444482522275531,1.0,0.9751493548872935,0.7282494101109493,0.9996485767357799,1.0
22,MODERATE_AXIS4,0.75,20000,0.99915,0.9986390788900333,0.9994692115151574,0.7189110744132513,0.7183,0.7120243545772369,0.7244918024806679,0.52955,0.7061,0.9748286043136666,0.974,0.69655,0.6440880395836888,0.644395078605605,1.0,0.9751789020667567,0.7254666466496522,0.9996497022469099,1.0
22,MODERATE_AXIS4,0.775,20000,0.9998,0.9994858195143681,0.9999222212439498,0.7186937387477496,0.71855,0.7122759886718812,0.7247400723679955,0.5301,0.70655,0.9739947989597919,0.9738,0.6969,0.6426257459505541,0.6431010928961749,1.0,0.9743448689737948,0.7251450290058011,0.9996499299859972,1.0
22,MODERATE_AXIS4,0.8,20000,0.99995,0.9997168094297738,0.9999911737177268,0.7172858642932146,0.71725,0.7109675173279921,0.7234490430056304,0.5294,0.70665,0.9729486474323716,0.9729,0.6966,0.6404705080122741,0.6411131978828752,1.0,0.9732486624331217,0.7240362018100905,0.99969998499925,1.0
22,MODERATE_AXIS4,0.85,20000,0.99995,0.9997168094297738,0.9999911737177268,0.7221861093054652,0.72215,0.7158997845138046,0.7283148938664679,0.5332,0.70665,0.9742487124356218,0.9742,0.6968,0.6442209341970678,0.6448693870582209,1.0,0.9745987299364969,0.7289864493224661,0.999649982499125,1.0
22,MODERATE_AXIS4,0.9,20000,1.0,0.9998079639438954,0.9999999999999999,0.7209,0.7209,0.7146414657706246,0.7270736926997883,0.53325,0.70665,0.97375,0.97375,0.69585,0.6396795636611556,0.6403209286445886,1.0,0.9741,0.72765,0.99965,1.0
22,ADVERSARIAL_AXIS4_TOP10,NA,20000,1.0,1.0,1.0,0.7105,0.7105,0.7041745559298924,0.7167445968904875,0.52615,0.70665,0.9696,0.9696,0.69445,0.6284302028293847,0.6282007511095937,1.0,0.96975,0.71985,0.9998,1.0
24,INDEPENDENT,0.6,20000,0.97755,0.9754033399099779,0.9795132464528366,0.7210884353741497,0.7049,0.6985401994069206,0.7111811042172876,0.59925,0.80805,0.9741701191754898,0.9523,0.79315,0.6233038348082596,0.6225911651348948,1.0,0.9743747122909314,0.7276865633471433,0.9997954068845584,1.0
24,INDEPENDENT,0.65,20000,0.99485,0.9937585157747342,0.9957514261405391,0.7234759008895814,0.71975,0.713483865492492,0.72593173466085,0.61185,0.82255,0.9752223953359803,0.9702,0.80845,0.6262333139872316,0.6258384368620589,1.0,0.9754736895009298,0.730059808011258,0.9997487058350505,1.0
24,INDEPENDENT,0.7,20000,0.9991,0.9985777005831638,0.9994306090256326,0.7236512861575418,0.723,0.7167554756369501,0.7291588762820271,0.61435,0.826,0.975227704934441,0.97435,0.81135,0.6276718659734257,0.6278664731494921,1.0,0.9754779301371234,0.7302572315083575,0.9997497747973176,1.0
24,INDEPENDENT,0.75,20000,1.0,0.9998079639438954,0.9999999999999999,0.7226,0.7226,0.7163527939881581,0.7287617115596642,0.6133,0.8267,0.9771,0.9771,0.81315,0.6306982111944605,0.6310904872389791,1.0,0.9774,0.7279,0.9997,1.0
24,INDEPENDENT,0.775,20000,1.0,0.9998079639438954,0.9999999999999999,0.71935,0.71935,0.7130812337791262,0.7255345200030606,0.60965,0.8267,0.9772,0.9772,0.8131,0.6330063473744951,0.6334106728538283,1.0,0.9775,0.72465,0.9997,1.0
24,INDEPENDENT,0.8,20000,1.0,0.9998079639438954,0.9999999999999999,0.7212,0.7212,0.7149434567910021,0.7273715864577771,0.61075,0.8267,0.9771,0.9771,0.81275,0.63733410271206,0.6380510440835266,1.0,0.9774,0.7267,0.9997,1.0
24,INDEPENDENT,0.85,20000,1.0,0.9998079639438954,0.9999999999999999,0.71985,0.71985,0.7135845243763217,0.7260310373698091,0.60995,0.8267,0.97485,0.97485,0.811,0.6341604154645124,0.6345707656612529,1.0,0.9751,0.72625,0.99975,1.0
24,INDEPENDENT,0.9,20000,1.0,0.9998079639438954,0.9999999999999999,0.7171,0.7171,0.7108165439945192,0.7233000739499201,0.6089,0.8267,0.9754,0.9754,0.8117,0.6243508366993653,0.6247099767981439,1.0,0.97565,0.72385,0.99975,1.0
24,WEAK_AXIS4,0.6,20000,0.977,0.9748290640527327,0.9789877335497433,0.7272773797338792,0.71055,0.7042248678995245,0.7167942657172498,0.60435,0.8076,0.9766632548618219,0.9542,0.79485,0.6269185360094451,0.6264094955489614,1.0,0.9769191402251791,0.7334186284544524,0.9996929375639714,1.0
24,WEAK_AXIS4,0.65,20000,0.99435,0.9932120493703004,0.9952980845810288,0.7276612862674109,0.72355,0.717309173001657,0.7297049676776586,0.61345,0.8222,0.9768190275054055,0.9713,0.809,0.6395585245425501,0.6394160583941606,1.0,0.9771207321365716,0.7340473676270931,0.9996480112636396,1.0
24,WEAK_AXIS4,0.7,20000,0.9993,0.9988252697172566,0.9995829630771171,0.7262083458420895,0.7257,0.7194737389113144,0.7318395760129599,0.6132,0.8261,0.9766336435504853,0.97595,0.81245,0.6495381062355658,0.6494486360998258,1.0,0.9768838186730712,0.7328129690783548,0.9997498248774142,1.0
24,WEAK_AXIS4,0.75,20000,0.99985,0.9995590363727073,0.999948985182005,0.7244586688003201,0.72435,0.7181145718991245,0.7304992615225013,0.6113,0.82655,0.9756963544531679,0.97555,0.812,0.652336987882285,0.652262180974478,1.0,0.9759463919587938,0.730959643946592,0.999699954993249,1.0
24,WEAK_AXIS4,0.775,20000,0.9999,0.9996354263863794,0.9999725759647273,0.7225722572257226,0.7225,0.7162521245411111,0.7286624194139224,0.61135,0.8266,0.9755975597559756,0.9755,0.81225,0.6413733410271206,0.6412412993039444,1.0,0.9758475847584759,0.7292729272927293,0.9996999699969997,1.0
24,WEAK_AXIS4,0.8,20000,1.0,0.9998079639438954,0.9999999999999999,0.72485,0.72485,0.7186179588223433,0.7309956825632266,0.61395,0.8267,0.9757,0.9757,0.81225,0.6399307559145989,0.6403712296983759,1.0,0.97595,0.7314,0.9997,1.0
24,WEAK_AXIS4,0.85,20000,1.0,0.9998079639438954,0.9999999999999999,0.7218,0.7218,0.7155474492070933,0.7279673635984186,0.61175,0.8267,0.97515,0.97515,0.8113,0.6350259665320254,0.6351508120649652,1.0,0.9754,0.72835,0.9997,1.0
24,WEAK_AXIS4,0.9,20000,1.0,0.9998079639438954,0.9999999999999999,0.72,0.72,0.7137355134191897,0.7261799907161243,0.61015,0.8267,0.9742,0.9742,0.8106,0.6338718984420081,0.6339907192575406,1.0,0.9744,0.72755,0.9997,1.0
24,MODERATE_AXIS4,0.6,20000,0.97885,0.976762018351966,0.9807540687171027,0.7260050058742402,0.71065,0.7043254921173061,0.716893603092257,0.6023,0.8095,0.9754814322929969,0.95485,0.79565,0.6397992323590198,0.6399525081626596,1.0,0.9757368340399448,0.7325943709454973,0.9996935179036625,1.0
24,MODERATE_AXIS4,0.65,20000,0.99475,0.993649046241228,0.9956609340812566,0.7214878110077909,0.7177,0.7114204424497386,0.7238959450514335,0.6087,0.82215,0.9760743905503896,0.97095,0.8085,0.6315179606025493,0.6316249271986022,1.0,0.9764765016335762,0.7284744910781603,0.9995978889168132,1.0
24,MODERATE_AXIS4,0.7,20000,0.99915,0.9986390788900333,0.9994692115151574,0.7200120102086773,0.7194,0.7131315624090397,0.7255841721695415,0.60995,0.82595,0.975128859530601,0.9743,0.8114,0.6319284064665127,0.6323273360417876,1.0,0.9754291147475354,0.7267677525897013,0.9996997447830656,1.0
24,MODERATE_AXIS4,0.75,20000,0.99985,0.9995590363727073,0.999948985182005,0.7254588188228234,0.72535,0.7191213554669907,0.731492093882523,0.6157,0.82655,0.9756463469520428,0.9755,0.81295,0.6327178303519908,0.6337006960556845,1.0,0.9758463769565435,0.7318097714657199,0.9997499624943742,1.0
24,MODERATE_AXIS4,0.775,20000,0.9999,0.9996354263863794,0.9999725759647273,0.7220222022202221,0.72195,0.7156984494751465,0.7281163057195487,0.61365,0.8266,0.974947494749475,0.97485,0.8124,0.624927870744374,0.6252900232018561,1.0,0.9751475147514751,0.7285728572857286,0.9997499749974997,1.0
24,MODERATE_AXIS4,0.8,20000,1.0,0.9998079639438954,0.9999999999999999,0.7228,0.7228,0.716554134040176,0.7289602946932239,0.6146,0.8267,0.9753,0.9753,0.8125,0.6243508366993653,0.6247099767981439,1.0,0.97555,0.72925,0.99975,1.0
24,MODERATE_AXIS4,0.85,20000,1.0,0.9998079639438954,0.9999999999999999,0.72235,0.72235,0.7161011210938814,0.728513480471969,0.61305,0.8267,0.97615,0.97615,0.81255,0.6306982111944605,0.6313805104408353,1.0,0.9764,0.7288,0.99975,1.0
24,MODERATE_AXIS4,0.9,20000,1.0,0.9998079639438954,0.9999999999999999,0.7298,0.7298,0.7236020165459525,0.7359097236826619,0.6174,0.8267,0.97685,0.97685,0.81315,0.6485862665897288,0.6487819025522041,1.0,0.97715,0.73605,0.9997,1.0
24,ADVERSARIAL_AXIS4_TOP10,NA,20000,1.0,1.0,1.0,0.71495,0.71495,0.7086526864027879,0.7211647572966927,0.6075,0.8267,0.9693,0.9693,0.8086,0.6200230813618004,0.6194895591647331,1.0,0.96945,0.7238,0.99985,1.0
28,INDEPENDENT,0.6,20000,0.99735,0.996535693976946,0.9979732877580466,0.724570110793603,0.72265,0.716403128856398,0.7288113574878187,0.68825,0.94085,0.9771895523136311,0.9746,0.9218,0.6088495575221239,0.6049046321525886,1.0,0.977339950869805,0.7315385772296586,0.9998496014438262,1.0
28,INDEPENDENT,0.65,20000,0.9996,0.9992108209764861,0.9997972965962543,0.7236894757903162,0.7234,0.7171581634688953,0.7295560348212373,0.6898,0.9429,0.9764405762304922,0.97605,0.92315,0.5925925925925926,0.5900452488687783,1.0,0.976640656262505,0.7309423769507803,0.9997999199679872,1.0
28,INDEPENDENT,0.7,20000,1.0,0.9998079639438954,0.9999999999999999,0.726,0.726,0.719775785665676,0.7321374140369646,0.69145,0.9433,0.9759,0.9759,0.9224,0.609347442680776,0.609049773755656,1.0,0.97615,0.733,0.99975,1.0
28,INDEPENDENT,0.75,20000,1.0,0.9998079639438954,0.9999999999999999,0.726,0.726,0.719775785665676,0.7321374140369646,0.6915,0.9433,0.97615,0.97615,0.9234,0.6084656084656085,0.6099547511312218,1.0,0.9765,0.733,0.9996,1.0
28,INDEPENDENT,0.775,20000,1.0,0.9998079639438954,0.9999999999999999,0.7256,0.7256,0.7193730574399964,0.7317402958914894,0.6901,0.9433,0.9755,0.9755,0.9225,0.6261022927689595,0.6280542986425339,1.0,0.97585,0.73225,0.9996,1.0
28,INDEPENDENT,0.8,20000,1.0,0.9998079639438954,0.9999999999999999,0.72385,0.72385,0.7176111946809404,0.7300028307767416,0.6885,0.9433,0.9764,0.9764,0.92335,0.6234567901234568,0.6271493212669683,1.0,0.97685,0.73035,0.99955,1.0
28,INDEPENDENT,0.85,20000,1.0,0.9998079639438954,0.9999999999999999,0.7252,0.7252,0.7189703354518675,0.7313431715084628,0.6903,0.9433,0.97685,0.97685,0.9241,0.6155202821869489,0.6199095022624435,1.0,0.9773,0.73135,0.99955,1.0
28,INDEPENDENT,0.9,20000,1.0,0.9998079639438954,0.9999999999999999,0.72775,0.72775,0.7215377952059907,0.7338747323704535,0.69275,0.9433,0.97635,0.97635,0.9232,0.6172839506172839,0.6217194570135747,1.0,0.9767,0.73455,0.99965,1.0
28,WEAK_AXIS4,0.6,20000,0.99755,0.996762740834407,0.9981461640861634,0.7333466994135632,0.73155,0.7253642881837814,0.7376467799186366,0.6971,0.9409,0.9744874943611849,0.9721,0.9201,0.6081200353045013,0.6096014492753623,1.0,0.9746879855646333,0.7402636459325347,0.9997995087965516,1.0
28,WEAK_AXIS4,0.65,20000,0.99965,0.9992776515467302,0.9998304468224045,0.7277547141499525,0.7275,0.7212860722106034,0.7336265513838691,0.69225,0.94295,0.9742910018506478,0.97395,0.9219,0.6216931216931217,0.6208144796380091,1.0,0.9744410543690292,0.7352573400690242,0.9998499474816186,1.0
28,WEAK_AXIS4,0.7,20000,0.99995,0.9997168094297738,0.9999911737177268,0.7277863893194659,0.72775,0.7215377952059907,0.7338747323704535,0.6926,0.94325,0.9749487474373719,0.9749,0.9224,0.6199294532627866,0.6180995475113122,1.0,0.9750987549377469,0.7352867643382169,0.999849992499625,1.0
28,WEAK_AXIS4,0.75,20000,1.0,0.9998079639438954,0.9999999999999999,0.72995,0.72995,0.7237530636436956,0.7360586189741017,0.6952,0.9433,0.9752,0.9752,0.92255,0.6128747795414462,0.611764705882353,1.0,0.97535,0.7368,0.99985,1.0
28,WEAK_AXIS4,0.775,20000,1.0,0.9998079639438954,0.9999999999999999,0.7286,0.7286,0.7223936717629572,0.7347185293521917,0.69485,0.9433,0.97675,0.97675,0.92405,0.5952380952380952,0.5945701357466063,1.0,0.9769,0.73535,0.99985,1.0
28,WEAK_AXIS4,0.8,20000,1.0,0.9998079639438954,0.9999999999999999,0.73015,0.73015,0.7239544611591862,0.7362571446441888,0.69655,0.9433,0.977,0.977,0.9242,0.5925925925925926,0.5945701357466063,1.0,0.9772,0.737,0.9998,1.0
28,WEAK_AXIS4,0.85,20000,1.0,0.9998079639438954,0.9999999999999999,0.7287,0.7287,0.7224943649919228,0.734817797716015,0.6952,0.9433,0.97665,0.97665,0.92395,0.5908289241622575,0.5918552036199095,1.0,0.9768,0.73555,0.99985,1.0
28,WEAK_AXIS4,0.9,20000,1.0,0.9998079639438954,0.9999999999999999,0.72645,0.72645,0.7202288623859688,0.7325841644842214,0.69215,0.9433,0.9765,0.9765,0.9239,0.6049382716049383,0.6054298642533936,1.0,0.97675,0.73325,0.99975,1.0
28,MODERATE_AXIS4,0.6,20000,0.9975,0.9967058796313818,0.9981030444927942,0.7211528822055138,0.71935,0.7130812337791262,0.7255345200030606,0.6852,0.9408,0.9761904761904762,0.97375,0.9216,0.6022927689594356,0.6,1.0,0.9762907268170427,0.7277694235588973,0.9998997493734336,1.0
28,MODERATE_AXIS4,0.65,20000,0.9996,0.9992108209764861,0.9997972965962543,0.7227390956382553,0.72245,0.7162017899622718,0.7286127731963673,0.6892,0.9429,0.9744897959183674,0.9741,0.92215,0.5864197530864198,0.583710407239819,1.0,0.9745398159263705,0.7306422569027611,0.9999499799919968,1.0
28,MODERATE_AXIS4,0.7,20000,1.0,0.9998079639438954,0.9999999999999999,0.72305,0.72305,0.7168058112776325,0.7292085214377391,0.68945,0.9433,0.9747,0.9747,0.9227,0.5925925925925926,0.5891402714932127,1.0,0.97475,0.7305,0.99995,1.0
28,MODERATE_AXIS4,0.75,20000,1.0,0.9998079639438954,0.9999999999999999,0.72515,0.72515,0.7189199956415074,0.7312935305224285,0.6916,0.9433,0.976,0.976,0.92335,0.591710758377425,0.5864253393665159,1.0,0.97605,0.7322,0.99995,1.0
28,MODERATE_AXIS4,0.775,20000,1.0,0.9998079639438954,0.9999999999999999,0.72415,0.72415,0.717913219848162,0.7303006903878863,0.6903,0.9433,0.9751,0.9751,0.92245,0.5970017636684304,0.5918552036199095,1.0,0.97515,0.73205,0.99995,1.0
28,MODERATE_AXIS4,0.8,20000,1.0,0.9998079639438954,0.9999999999999999,0.7255,0.7255,0.7192723763585248,0.7316410153801721,0.6916,0.9433,0.97475,0.97475,0.922,0.5978835978835979,0.5936651583710407,1.0,0.97485,0.7332,0.9999,1.0
28,MODERATE_AXIS4,0.85,20000,1.0,0.9998079639438954,0.9999999999999999,0.7249,0.7249,0.7186682980490724,0.7310453241328918,0.69165,0.9433,0.97515,0.97515,0.9224,0.5864197530864198,0.5828054298642534,1.0,0.9753,0.73215,0.99985,1.0
28,MODERATE_AXIS4,0.9,20000,1.0,0.9998079639438954,0.9999999999999999,0.7249,0.7249,0.7186682980490724,0.7310453241328918,0.69085,0.9433,0.97495,0.97495,0.9224,0.6005291005291006,0.5990950226244344,1.0,0.9752,0.7319,0.99975,1.0
28,ADVERSARIAL_AXIS4_TOP10,NA,20000,1.0,1.0,1.0,0.70255,0.70255,0.696176124070875,0.7088460821227971,0.6705,0.9433,0.96105,0.96105,0.9101,0.5652557319223986,0.5665158371040724,1.0,0.9612,0.71295,0.99975,1.0
32,INDEPENDENT,0.6,20000,0.9998,0.9994858195143681,0.9999222212439498,0.7270954190838168,0.72695,0.7207322902503285,0.7330805445838057,0.71815,0.98455,0.9748949789957991,0.9747,0.9604,0.5770491803278689,0.5677655677655677,1.0,0.9749949989997999,0.7348969793958792,0.9998999799959992,1.0
32,INDEPENDENT,0.65,20000,0.99995,0.9997168094297738,0.9999911737177268,0.7252862643132156,0.72525,0.7190206753595572,0.7313928123971676,0.71675,0.9847,0.9737986899344967,0.97375,0.95985,0.5573770491803278,0.5494505494505495,1.0,0.9738986949347468,0.7333866693334666,0.99989999499975,1.0
32,INDEPENDENT,0.7,20000,1.0,0.9998079639438954,0.9999999999999999,0.72595,0.72595,0.7197254442960599,0.7320877746101864,0.7171,0.98475,0.9732,0.9732,0.95935,0.580327868852459,0.5714285714285714,1.0,0.97325,0.73435,0.9999,1.0
32,INDEPENDENT,0.75,20000,1.0,0.9998079639438954,0.9999999999999999,0.7253,0.7253,0.7190710153645926,0.7314424531885265,0.71585,0.98475,0.973,0.973,0.959,0.6196721311475409,0.6117216117216118,1.0,0.97305,0.73375,0.9999,1.0
32,INDEPENDENT,0.775,20000,1.0,0.9998079639438954,0.9999999999999999,0.72535,0.72535,0.7191213554669907,0.731492093882523,0.7162,0.98475,0.9739,0.9739,0.9598,0.6,0.5970695970695971,1.0,0.97405,0.73295,0.9998,1.0
32,INDEPENDENT,0.8,20000,1.0,0.9998079639438954,0.9999999999999999,0.72415,0.72415,0.717913219848162,0.7303006903878863,0.715,0.98475,0.97405,0.97405,0.9599,0.6,0.5860805860805861,1.0,0.9742,0.73145,0.9998,1.0
32,INDEPENDENT,0.85,20000,1.0,0.9998079639438954,0.9999999999999999,0.72615,0.72615,0.7199268103601576,0.7322863317316662,0.71715,0.98475,0.97355,0.97355,0.9595,0.5901639344262295,0.575091575091575,1.0,0.9737,0.73385,0.9998,1.0
32,INDEPENDENT,0.9,20000,1.0,0.9998079639438954,0.9999999999999999,0.7205,0.7205,0.7142388164489102,0.7266764956503478,0.71165,0.98475,0.97415,0.97415,0.95985,0.580327868852459,0.5787545787545788,1.0,0.9743,0.72765,0.9998,1.0
32,WEAK_AXIS4,0.6,20000,0.9998,0.9994858195143681,0.9999222212439498,0.7258451690338068,0.7257,0.7194737389113144,0.7318395760129599,0.71635,0.98455,0.9758951790358071,0.9757,0.9613,0.6131147540983607,0.6043956043956044,1.0,0.9760452090418084,0.7321464292858572,0.9997999599919984,1.0
32,WEAK_AXIS4,0.65,20000,1.0,0.9998079639438954,0.9999999999999999,0.72705,0.72705,0.7208329769976065,0.7331798194293162,0.7186,0.98475,0.97565,0.97565,0.96145,0.5540983606557377,0.5384615384615384,1.0,0.97575,0.7335,0.99985,1.0
32,WEAK_AXIS4,0.7,20000,1.0,0.9998079639438954,0.9999999999999999,0.72395,0.72395,0.7177118693489586,0.7301021177015121,0.7155,0.98475,0.9766,0.9766,0.9624,0.5540983606557377,0.5421245421245421,1.0,0.97675,0.7314,0.9998,1.0
32,WEAK_AXIS4,0.75,20000,1.0,0.9998079639438954,0.9999999999999999,0.72305,0.72305,0.7168058112776325,0.7292085214377391,0.7144,0.98475,0.97645,0.97645,0.9622,0.5672131147540984,0.5641025641025641,1.0,0.9766,0.7303,0.9998,1.0
32,WEAK_AXIS4,0.775,20000,1.0,0.9998079639438954,0.9999999999999999,0.7267,0.7267,0.7204805750952977,0.7328323557568645,0.7182,0.98475,0.97695,0.97695,0.96275,0.5573770491803278,0.5531135531135531,1.0,0.97705,0.7334,0.99985,1.0
32,WEAK_AXIS4,0.8,20000,1.0,0.9998079639438954,0.9999999999999999,0.73065,0.73065,0.7244579618806223,0.7367534518866966,0.72195,0.98475,0.97785,0.97785,0.96365,0.5704918032786885,0.575091575091575,1.0,0.97795,0.7372,0.99985,1.0
32,WEAK_AXIS4,0.85,20000,1.0,0.9998079639438954,0.9999999999999999,0.7261,0.7261,0.7198764686977083,0.7322366925977212,0.7172,0.98475,0.97585,0.97585,0.96175,0.5836065573770491,0.5934065934065934,1.0,0.976,0.73395,0.9998,1.0
32,WEAK_AXIS4,0.9,20000,1.0,0.9998079639438954,0.9999999999999999,0.725,0.725,0.7187689767942392,0.7311446069805135,0.71595,0.98475,0.97475,0.97475,0.9606,0.5934426229508196,0.608058608058608,1.0,0.9749,0.733,0.99975,1.0
32,MODERATE_AXIS4,0.6,20000,0.99975,0.9994148495964674,0.9998932103654561,0.7197299324831208,0.71955,0.7132825488716681,0.7257331280960964,0.711,0.9845,0.9748437109277319,0.9746,0.9606,0.5606557377049181,0.5531135531135531,1.0,0.9749437359339835,0.7277319329832458,0.9998499624906226,1.0
32,MODERATE_AXIS4,0.65,20000,0.99995,0.9997168094297738,0.9999911737177268,0.7255862793139657,0.72555,0.7193227168505381,0.7316906556845533,0.71705,0.9847,0.9741987099354967,0.97415,0.96045,0.5573770491803278,0.5494505494505495,1.0,0.9742487124356218,0.7334366718335916,0.999849992499625,1.0
32,MODERATE_AXIS4,0.7,20000,1.0,0.9998079639438954,0.9999999999999999,0.72035,0.72035,0.71408782453465,0.7265275451754247,0.71175,0.98475,0.97445,0.97445,0.9604,0.5639344262295082,0.575091575091575,1.0,0.97455,0.72795,0.9998,1.0
32,MODERATE_AXIS4,0.75,20000,1.0,0.9998079639438954,0.9999999999999999,0.72385,0.72385,0.7176111946809404,0.7300028307767416,0.7152,0.98475,0.97415,0.97415,0.9603,0.5672131147540984,0.575091575091575,1.0,0.9743,0.7318,0.99975,1.0
32,MODERATE_AXIS4,0.775,20000,1.0,0.9998079639438954,0.9999999999999999,0.72585,0.72585,0.7196247618495445,0.731988495463913,0.717,0.98475,0.97475,0.97475,0.9606,0.580327868852459,0.5824175824175825,1.0,0.9749,0.73325,0.99975,1.0
32,MODERATE_AXIS4,0.8,20000,1.0,0.9998079639438954,0.9999999999999999,0.72585,0.72585,0.7196247618495445,0.731988495463913,0.717,0.98475,0.97495,0.97495,0.96085,0.580327868852459,0.5787545787545788,1.0,0.9751,0.7331,0.99975,1.0
32,MODERATE_AXIS4,0.85,20000,1.0,0.9998079639438954,0.9999999999999999,0.7259,0.7259,0.7196751030240216,0.7320381350858303,0.71685,0.98475,0.9757,0.9757,0.96175,0.5934426229508196,0.5860805860805861,1.0,0.9759,0.7325,0.99975,1.0
32,MODERATE_AXIS4,0.9,20000,1.0,0.9998079639438954,0.9999999999999999,0.72595,0.72595,0.7197254442960599,0.7320877746101864,0.7169,0.98475,0.97605,0.97605,0.9619,0.5934426229508196,0.5897435897435898,1.0,0.97625,0.73255,0.99975,1.0
32,ADVERSARIAL_AXIS4_TOP10,NA,20000,1.0,1.0,1.0,0.6914,0.6914,0.6849620472381682,0.6977644413595548,0.6827,0.98475,0.95065,0.95065,0.93745,0.5704918032786885,0.5641025641025641,1.0,0.9509,0.70615,0.9997,1.0
36,INDEPENDENT,0.6,20000,0.99995,0.9997168094297738,0.9999911737177268,0.7254362718135907,0.7254,0.7191716956667678,0.7315417344791404,0.72235,0.99455,0.975298764938247,0.97525,0.9703,0.5648148148148148,0.5483870967741935,1.0,0.9754487724386219,0.7325866293314666,0.999849992499625,1.0
36,INDEPENDENT,0.65,20000,1.0,0.9998079639438954,0.9999999999999999,0.72085,0.72085,0.7145911342697816,0.7270240434042369,0.71795,0.9946,0.975,0.975,0.9701,0.5370370370370371,0.4838709677419355,1.0,0.97515,0.7278,0.99985,1.0
36,INDEPENDENT,0.7,20000,1.0,0.9998079639438954,0.9999999999999999,0.71835,0.71835,0.7120746812058433,0.7245414566484559,0.71515,0.9946,0.97405,0.97405,0.96905,0.5925925925925926,0.532258064516129,1.0,0.9742,0.7256,0.99985,1.0
36,INDEPENDENT,0.75,20000,1.0,0.9998079639438954,0.9999999999999999,0.7242,0.7242,0.7179635577153844,0.7303503333170582,0.72065,0.9946,0.9763,0.9763,0.97125,0.6574074074074074,0.6451612903225806,1.0,0.97645,0.7309,0.99985,1.0
36,INDEPENDENT,0.775,20000,1.0,0.9998079639438954,0.9999999999999999,0.72405,0.72405,0.7178125444046557,0.7302014042386038,0.72055,0.9946,0.97605,0.97605,0.971,0.6481481481481481,0.6774193548387096,1.0,0.9762,0.73075,0.99985,1.0
36,INDEPENDENT,0.8,20000,1.0,0.9998079639438954,0.9999999999999999,0.7237,0.7237,0.717460183405526,0.7298538996629728,0.72035,0.9946,0.97565,0.97565,0.9706,0.6203703703703703,0.6290322580645161,1.0,0.97585,0.7302,0.9998,1.0
36,INDEPENDENT,0.85,20000,1.0,0.9998079639438954,0.9999999999999999,0.72715,0.72715,0.7209336641366666,0.7332790938830449,0.72375,0.9946,0.97625,0.97625,0.97135,0.6296296296296297,0.6290322580645161,1.0,0.9765,0.7335,0.9997,1.0
36,INDEPENDENT,0.9,20000,1.0,0.9998079639438954,0.9999999999999999,0.7262,0.7262,0.7199771521202514,0.7323359707679669,0.7226,0.9946,0.9764,0.9764,0.9715,0.6666666666666666,0.6612903225806451,1.0,0.9766,0.73255,0.99975,1.0
36,WEAK_AXIS4,0.6,20000,1.0,0.9998079639438954,0.9999999999999999,0.7189,0.7189,0.7126282804035304,0.7250876462111069,0.7153,0.9946,0.97435,0.97435,0.9692,0.6666666666666666,0.6451612903225806,1.0,0.97455,0.7263,0.9998,1.0
36,WEAK_AXIS4,0.65,20000,1.0,0.9998079639438954,0.9999999999999999,0.7221,0.7221,0.7158494506096722,0.7282652469742061,0.718,0.9946,0.9752,0.9752,0.9701,0.7592592592592593,0.6774193548387096,1.0,0.9754,0.7289,0.9998,1.0
36,WEAK_AXIS4,0.7,20000,1.0,0.9998079639438954,0.9999999999999999,0.72755,0.72755,0.7213364166134191,0.7336761877774478,0.72335,0.9946,0.97665,0.97665,0.9716,0.7777777777777778,0.7741935483870968,1.0,0.97685,0.7345,0.9998,1.0
36,WEAK_AXIS4,0.75,20000,1.0,0.9998079639438954,0.9999999999999999,0.72745,0.72745,0.7212357279058846,0.7335769148921935,0.7236,0.9946,0.9754,0.9754,0.9704,0.7129629629629629,0.7096774193548387,1.0,0.97565,0.7349,0.99975,1.0
36,WEAK_AXIS4,0.775,20000,1.0,0.9998079639438954,0.9999999999999999,0.727,0.727,0.7207826335750032,0.7331301820555254,0.72325,0.9946,0.97575,0.97575,0.97085,0.6944444444444444,0.7258064516129032,1.0,0.97605,0.7342,0.9997,1.0
36,WEAK_AXIS4,0.8,20000,1.0,0.9998079639438954,0.9999999999999999,0.72955,0.72955,0.7233502733604726,0.7356615628861698,0.726,0.9946,0.976,0.976,0.97105,0.6574074074074074,0.6774193548387096,1.0,0.9763,0.7365,0.9997,1.0
36,WEAK_AXIS4,0.85,20000,1.0,0.9998079639438954,0.9999999999999999,0.72595,0.72595,0.7197254442960599,0.7320877746101864,0.72235,0.9946,0.976,0.976,0.971,0.6666666666666666,0.6935483870967742,1.0,0.9762,0.7328,0.99975,1.0
36,WEAK_AXIS4,0.9,20000,1.0,0.9998079639438954,0.9999999999999999,0.72025,0.72025,0.7139871637373426,0.7264282443799431,0.7165,0.9946,0.9751,0.9751,0.97005,0.6944444444444444,0.7419354838709677,1.0,0.97525,0.7271,0.9998,1.0
36,MODERATE_AXIS4,0.6,20000,1.0,0.9998079639438954,0.9999999999999999,0.72565,0.72565,0.7194233981269161,0.7317899360009638,0.7221,0.9946,0.97625,0.97625,0.9713,0.6574074074074074,0.6451612903225806,1.0,0.97645,0.7315,0.9998,1.0
36,MODERATE_AXIS4,0.65,20000,1.0,0.9998079639438954,0.9999999999999999,0.7187,0.7187,0.7124269702710342,0.7248890331580256,0.7152,0.9946,0.97545,0.97545,0.97055,0.6481481481481481,0.6290322580645161,1.0,0.97565,0.72525,0.9998,1.0
36,MODERATE_AXIS4,0.7,20000,1.0,0.9998079639438954,0.9999999999999999,0.71905,0.71905,0.7127792640036632,0.7252366050001573,0.71565,0.9946,0.97485,0.97485,0.9699,0.6296296296296297,0.5645161290322581,1.0,0.97505,0.7256,0.9998,1.0
36,MODERATE_AXIS4,0.75,20000,1.0,0.9998079639438954,0.9999999999999999,0.7204,0.7204,0.7141381550769478,0.7265771954295214,0.71705,0.9946,0.9748,0.9748,0.96975,0.6203703703703703,0.6129032258064516,1.0,0.975,0.7277,0.9998,1.0
36,MODERATE_AXIS4,0.775,20000,1.0,0.9998079639438954,0.9999999999999999,0.7211,0.7211,0.7148427927335672,0.7272722889224232,0.7177,0.9946,0.9758,0.9758,0.9707,0.6296296296296297,0.6129032258064516,1.0,0.976,0.7281,0.9998,1.0
36,MODERATE_AXIS4,0.8,20000,1.0,0.9998079639438954,0.9999999999999999,0.72015,0.72015,0.7138865033229815,0.7263289432015154,0.7167,0.9946,0.97605,0.97605,0.97095,0.6388888888888888,0.6290322580645161,1.0,0.97625,0.7274,0.9998,1.0
36,MODERATE_AXIS4,0.85,20000,1.0,0.9998079639438954,0.9999999999999999,0.72345,0.72345,0.7172084998830532,0.7296056792034737,0.72,0.9946,0.9767,0.9767,0.97165,0.6388888888888888,0.6129032258064516,1.0,0.977,0.7306,0.9997,1.0
36,MODERATE_AXIS4,0.9,20000,1.0,0.9998079639438954,0.9999999999999999,0.72205,0.72205,0.7157991168018623,0.7282155999856217,0.7185,0.9946,0.9747,0.9747,0.9696,0.6574074074074074,0.6290322580645161,1.0,0.97495,0.72945,0.99975,1.0
36,ADVERSARIAL_AXIS4_TOP10,NA,20000,1.0,1.0,1.0,0.67585,0.67585,0.6693299541227539,0.6823025067963141,0.6723,0.9946,0.9367,0.9367,0.9319,0.6574074074074074,0.6451612903225806,1.0,0.9369,0.6941,0.99975,1.0
40,INDEPENDENT,0.6,20000,0.99995,0.9997168094297738,0.9999911737177268,0.7211360568028401,0.7211,0.7148427927335672,0.7272722889224232,0.71905,0.9966,0.975748787439372,0.9757,0.97255,0.6119402985074627,0.4166666666666667,1.0,0.975948797439872,0.728336416820841,0.9997999899994999,1.0
40,INDEPENDENT,0.65,20000,1.0,0.9998079639438954,0.9999999999999999,0.71935,0.71935,0.7130812337791262,0.7255345200030606,0.71745,0.99665,0.975,0.975,0.97185,0.5671641791044776,0.3333333333333333,1.0,0.9752,0.727,0.9998,1.0
40,INDEPENDENT,0.7,20000,1.0,0.9998079639438954,0.9999999999999999,0.72075,0.72075,0.7144904715558562,0.7269247445253735,0.7187,0.99665,0.97535,0.97535,0.97225,0.6119402985074627,0.4166666666666667,1.0,0.97555,0.72775,0.9998,1.0
40,INDEPENDENT,0.75,20000,1.0,0.9998079639438954,0.9999999999999999,0.7199,0.7199,0.7136348539616456,0.7260806885808796,0.71795,0.99665,0.9754,0.9754,0.9723,0.582089552238806,0.3333333333333333,1.0,0.9756,0.7268,0.9998,1.0
40,INDEPENDENT,0.775,20000,1.0,0.9998079639438954,0.9999999999999999,0.7198,0.7198,0.713534194886609,0.7259813860631275,0.7178,0.99665,0.974,0.974,0.97095,0.5970149253731343,0.5,1.0,0.9742,0.7275,0.99975,1.0
40,INDEPENDENT,0.8,20000,1.0,0.9998079639438954,0.9999999999999999,0.7197,0.7197,0.713433536193955,0.7258820831629926,0.71775,0.99665,0.9734,0.9734,0.97035,0.582089552238806,0.5,1.0,0.97365,0.7273,0.99975,1.0
40,INDEPENDENT,0.85,20000,1.0,0.9998079639438954,0.9999999999999999,0.72225,0.72225,0.7160004526111017,0.7284141873619596,0.7201,0.99665,0.97375,0.97375,0.9707,0.6417910447761194,0.5833333333333334,1.0,0.974,0.7306,0.99975,1.0
40,INDEPENDENT,0.9,20000,1.0,0.9998079639438954,0.9999999999999999,0.7238,0.7238,0.71756085749227,0.7299531871690175,0.7216,0.99665,0.9748,0.9748,0.97165,0.6567164179104478,0.5833333333333334,1.0,0.97495,0.73105,0.99985,1.0
40,WEAK_AXIS4,0.6,20000,1.0,0.9998079639438954,0.9999999999999999,0.72595,0.72595,0.7197254442960599,0.7320877746101864,0.72355,0.99665,0.97345,0.97345,0.9703,0.7164179104477612,0.4166666666666667,1.0,0.97345,0.7335,0.9999,1.0
40,WEAK_AXIS4,0.65,20000,1.0,0.9998079639438954,0.9999999999999999,0.72395,0.72395,0.7177118693489586,0.7301021177015121,0.7217,0.99665,0.9732,0.9732,0.9701,0.6716417910447762,0.4166666666666667,1.0,0.9732,0.73215,0.9999,1.0
40,WEAK_AXIS4,0.7,20000,1.0,0.9998079639438954,0.9999999999999999,0.72105,0.72105,0.7147924608488643,0.7272226400107318,0.71895,0.99665,0.9732,0.9732,0.97025,0.6268656716417911,0.5833333333333334,1.0,0.97335,0.7288,0.99975,1.0
40,WEAK_AXIS4,0.75,20000,1.0,0.9998079639438954,0.9999999999999999,0.7198,0.7198,0.713534194886609,0.7259813860631275,0.71755,0.99665,0.97345,0.97345,0.97045,0.6716417910447762,0.6666666666666666,1.0,0.97365,0.7278,0.9998,1.0
40,WEAK_AXIS4,0.775,20000,1.0,0.9998079639438954,0.9999999999999999,0.7196,0.7196,0.7133328778835587,0.7257827798806001,0.71735,0.99665,0.97415,0.97415,0.9711,0.6716417910447762,0.5,1.0,0.97425,0.7274,0.9999,1.0
40,WEAK_AXIS4,0.8,20000,1.0,0.9998079639438954,0.9999999999999999,0.72305,0.72305,0.7168058112776325,0.7292085214377391,0.7209,0.99665,0.9745,0.9745,0.97135,0.6417910447761194,0.5833333333333334,1.0,0.9746,0.73085,0.9999,1.0
40,WEAK_AXIS4,0.85,20000,1.0,0.9998079639438954,0.9999999999999999,0.7232,0.7232,0.716956818779512,0.7293574563250428,0.72085,0.99665,0.97615,0.97615,0.97295,0.7014925373134329,0.6666666666666666,1.0,0.97625,0.73005,0.9999,1.0
40,WEAK_AXIS4,0.9,20000,1.0,0.9998079639438954,0.9999999999999999,0.72695,0.72695,0.7207322902503285,0.7330805445838057,0.72445,0.99665,0.97655,0.97655,0.9734,0.746268656716418,0.75,1.0,0.9767,0.73295,0.99985,1.0
40,MODERATE_AXIS4,0.6,20000,1.0,0.9998079639438954,0.9999999999999999,0.717,0.717,0.710715895579379,0.7232007607722716,0.7148,0.99665,0.9755,0.9755,0.97245,0.6567164179104478,0.4166666666666667,1.0,0.97565,0.72385,0.99985,1.0
40,MODERATE_AXIS4,0.65,20000,1.0,0.9998079639438954,0.9999999999999999,0.72115,0.72115,0.7148931247142745,0.7273219377381104,0.7191,0.99665,0.97655,0.97655,0.97355,0.6119402985074627,0.4166666666666667,1.0,0.9767,0.72705,0.9998,1.0
40,MODERATE_AXIS4,0.7,20000,1.0,0.9998079639438954,0.9999999999999999,0.72265,0.72265,0.716403128856398,0.7288113574878187,0.7203,0.99665,0.97585,0.97585,0.9727,0.7014925373134329,0.5,1.0,0.9759,0.72905,0.9999,1.0
40,MODERATE_AXIS4,0.75,20000,1.0,0.9998079639438954,0.9999999999999999,0.7204,0.7204,0.7141381550769478,0.7265771954295214,0.7181,0.99665,0.97595,0.97595,0.97295,0.6865671641791045,0.5833333333333334,1.0,0.9761,0.7268,0.99985,1.0
40,MODERATE_AXIS4,0.775,20000,1.0,0.9998079639438954,0.9999999999999999,0.71805,0.71805,0.7117727228608537,0.7242435302150789,0.7156,0.99665,0.976,0.976,0.9729,0.7313432835820896,0.5833333333333334,1.0,0.9761,0.7249,0.9999,1.0
40,MODERATE_AXIS4,0.8,20000,1.0,0.9998079639438954,0.9999999999999999,0.7202,0.7202,0.7139368334823016,0.7263785938385897,0.7178,0.99665,0.97665,0.97665,0.9736,0.7164179104477612,0.5833333333333334,1.0,0.97675,0.72665,0.9999,1.0
40,MODERATE_AXIS4,0.85,20000,1.0,0.9998079639438954,0.9999999999999999,0.72115,0.72115,0.7148931247142745,0.7273219377381104,0.71885,0.99665,0.9757,0.9757,0.9727,0.6865671641791045,0.6666666666666666,1.0,0.9759,0.7274,0.9998,1.0
40,MODERATE_AXIS4,0.9,20000,1.0,0.9998079639438954,0.9999999999999999,0.7271,0.7271,0.7208833205181554,0.7332294567051617,0.72475,0.99665,0.9762,0.9762,0.97315,0.7014925373134329,0.5,1.0,0.97635,0.7336,0.99985,1.0
40,ADVERSARIAL_AXIS4_TOP10,NA,20000,1.0,1.0,1.0,0.65275,0.65275,0.6461230016631508,0.6593183313217094,0.6509,0.99665,0.91835,0.91835,0.9155,0.5522388059701493,0.3333333333333333,1.0,0.91855,0.67795,0.9998,1.0
48,INDEPENDENT,0.6,20000,1.0,0.9998079639438954,0.9999999999999999,0.72705,0.72705,0.7208329769976065,0.7331798194293162,0.7239,0.99585,0.97495,0.97495,0.97105,0.7590361445783133,nan,1.0,0.97515,0.73475,0.9998,1.0
48,INDEPENDENT,0.65,20000,1.0,0.9998079639438954,0.9999999999999999,0.72435,0.72435,0.7181145718991245,0.7304992615225013,0.72145,0.99585,0.9748,0.9748,0.97095,0.6987951807228916,nan,1.0,0.97505,0.7321,0.99975,1.0
48,INDEPENDENT,0.7,20000,1.0,0.9998079639438954,0.9999999999999999,0.7255,0.7255,0.7192723763585248,0.7316410153801721,0.72255,0.99585,0.9741,0.9741,0.97025,0.7108433734939759,nan,1.0,0.9743,0.73345,0.99975,1.0
48,INDEPENDENT,0.75,20000,1.0,0.9998079639438954,0.9999999999999999,0.7248,0.7248,0.7185676196928282,0.7309460408963472,0.72215,0.99585,0.97365,0.97365,0.96985,0.6385542168674698,nan,1.0,0.9739,0.73285,0.99975,1.0
48,INDEPENDENT,0.775,20000,1.0,0.9998079639438954,0.9999999999999999,0.7225,0.7225,0.7162521245411111,0.7286624194139224,0.71985,0.99585,0.9734,0.9734,0.96965,0.6385542168674698,nan,1.0,0.9737,0.7304,0.9997,1.0
48,INDEPENDENT,0.8,20000,1.0,0.9998079639438954,0.9999999999999999,0.7233,0.7233,0.7170574909307863,0.7294567457665575,0.72085,0.99585,0.9754,0.9754,0.9716,0.5903614457831325,nan,1.0,0.97565,0.73015,0.99975,1.0
48,INDEPENDENT,0.85,20000,1.0,0.9998079639438954,0.9999999999999999,0.7197,0.7197,0.713433536193955,0.7258820831629926,0.717,0.99585,0.9755,0.9755,0.97175,0.6506024096385542,nan,1.0,0.97575,0.726,0.9997,1.0
48,INDEPENDENT,0.9,20000,1.0,0.9998079639438954,0.9999999999999999,0.72225,0.72225,0.7160004526111017,0.7284141873619596,0.71965,0.99585,0.97605,0.97605,0.9723,0.6265060240963856,nan,1.0,0.9763,0.72805,0.9997,1.0
48,WEAK_AXIS4,0.6,20000,1.0,0.9998079639438954,0.9999999999999999,0.7225,0.7225,0.7162521245411111,0.7286624194139224,0.71985,0.99585,0.97535,0.97535,0.9716,0.6385542168674698,nan,1.0,0.9757,0.72895,0.99965,1.0
48,WEAK_AXIS4,0.65,20000,1.0,0.9998079639438954,0.9999999999999999,0.72335,0.72335,0.7171078271514784,0.7295063903422598,0.7206,0.99585,0.9746,0.9746,0.9709,0.6626506024096386,nan,1.0,0.97495,0.72965,0.99965,1.0
48,WEAK_AXIS4,0.7,20000,1.0,0.9998079639438954,0.9999999999999999,0.72595,0.72595,0.7197254442960599,0.7320877746101864,0.72305,0.99585,0.9753,0.9753,0.9716,0.6987951807228916,nan,1.0,0.97565,0.7329,0.99965,1.0
48,WEAK_AXIS4,0.75,20000,1.0,0.9998079639438954,0.9999999999999999,0.7222,0.7222,0.7159501185142758,0.7283645406623911,0.7195,0.99585,0.97395,0.97395,0.97035,0.6506024096385542,nan,1.0,0.9743,0.7297,0.99965,1.0
48,WEAK_AXIS4,0.775,20000,1.0,0.9998079639438954,0.9999999999999999,0.72485,0.72485,0.7186179588223433,0.7309956825632266,0.7221,0.99585,0.9727,0.9727,0.96915,0.6626506024096386,nan,1.0,0.97305,0.7331,0.99965,1.0
48,WEAK_AXIS4,0.8,20000,1.0,0.9998079639438954,0.9999999999999999,0.72335,0.72335,0.7171078271514784,0.7295063903422598,0.72055,0.99585,0.9723,0.9723,0.96865,0.6746987951807228,nan,1.0,0.9726,0.7315,0.9997,1.0
48,WEAK_AXIS4,0.85,20000,1.0,0.9998079639438954,0.9999999999999999,0.72695,0.72695,0.7207322902503285,0.7330805445838057,0.72415,0.99585,0.9728,0.9728,0.96905,0.6746987951807228,nan,1.0,0.97305,0.73545,0.99975,1.0
48,WEAK_AXIS4,0.9,20000,1.0,0.9998079639438954,0.9999999999999999,0.72685,0.72685,0.7206316038946979,0.7329812693466474,0.72415,0.99585,0.9745,0.9745,0.97065,0.6506024096385542,nan,1.0,0.9747,0.7347,0.9998,1.0
48,MODERATE_AXIS4,0.6,20000,1.0,0.9998079639438954,0.9999999999999999,0.72555,0.72555,0.7193227168505381,0.7316906556845533,0.72275,0.99585,0.97535,0.97535,0.9714,0.6746987951807228,nan,1.0,0.9754,0.73255,0.99995,1.0
48,MODERATE_AXIS4,0.65,20000,1.0,0.9998079639438954,0.9999999999999999,0.72575,0.72575,0.7195240797932075,0.7318892159274611,0.7229,0.99585,0.97505,0.97505,0.97115,0.6867469879518072,nan,1.0,0.97515,0.73345,0.9999,1.0
48,MODERATE_AXIS4,0.7,20000,1.0,0.9998079639438954,0.9999999999999999,0.7247,0.7247,0.7184669417253752,0.7308467572710114,0.7221,0.99585,0.97645,0.97645,0.9725,0.6265060240963856,nan,1.0,0.97655,0.73215,0.99985,1.0
48,MODERATE_AXIS4,0.75,20000,1.0,0.9998079639438954,0.9999999999999999,0.72325,0.72325,0.7170071548068029,0.7294071010941463,0.72045,0.99585,0.9743,0.9743,0.97045,0.6746987951807228,nan,1.0,0.97455,0.7312,0.99975,1.0
48,MODERATE_AXIS4,0.775,20000,1.0,0.9998079639438954,0.9999999999999999,0.72205,0.72205,0.7157991168018623,0.7282155999856217,0.7193,0.99585,0.97455,0.97455,0.97075,0.6626506024096386,nan,1.0,0.9748,0.73005,0.99975,1.0
48,MODERATE_AXIS4,0.8,20000,1.0,0.9998079639438954,0.9999999999999999,0.72595,0.72595,0.7197254442960599,0.7320877746101864,0.72325,0.99585,0.97495,0.97495,0.97125,0.6506024096385542,nan,1.0,0.97525,0.7335,0.9997,1.0
48,MODERATE_AXIS4,0.85,20000,1.0,0.9998079639438954,0.9999999999999999,0.7224,0.7224,0.7161514554798672,0.7285631268823775,0.71965,0.99585,0.97455,0.97455,0.97085,0.6626506024096386,nan,1.0,0.9749,0.7295,0.99965,1.0
48,MODERATE_AXIS4,0.9,20000,1.0,0.9998079639438954,0.9999999999999999,0.72515,0.72515,0.7189199956415074,0.7312935305224285,0.7221,0.99585,0.97415,0.97415,0.9704,0.7349397590361446,nan,1.0,0.9744,0.733,0.9997,1.0
48,ADVERSARIAL_AXIS4_TOP10,NA,20000,1.0,1.0,1.0,0.61465,0.61465,0.6078837071741502,0.621372258958185,0.61215,0.99585,0.874,0.874,0.8705,0.6024096385542169,nan,1.0,0.8741,0.6531,0.99975,1.0
56,INDEPENDENT,0.6,20000,1.0,0.9998079639438954,0.9999999999999999,0.72395,0.72395,0.7177118693489586,0.7301021177015121,0.71975,0.99395,0.9759,0.9759,0.97015,0.6942148760330579,nan,1.0,0.97605,0.7304,0.99985,1.0
56,INDEPENDENT,0.65,20000,1.0,0.9998079639438954,0.9999999999999999,0.72485,0.72485,0.7186179588223433,0.7309956825632266,0.72095,0.99395,0.97765,0.97765,0.97195,0.6446280991735537,nan,1.0,0.97785,0.73085,0.9998,1.0
56,INDEPENDENT,0.7,20000,1.0,0.9998079639438954,0.9999999999999999,0.72045,0.72045,0.7141884857150292,0.7266268455878343,0.71655,0.99395,0.97615,0.97615,0.97055,0.6446280991735537,nan,1.0,0.97635,0.72705,0.99975,1.0
56,INDEPENDENT,0.75,20000,1.0,0.9998079639438954,0.9999999999999999,0.7234,0.7234,0.7171581634688953,0.7295560348212373,0.7193,0.99395,0.9766,0.9766,0.97105,0.6776859504132231,nan,1.0,0.97685,0.72995,0.9997,1.0
56,INDEPENDENT,0.775,20000,1.0,0.9998079639438954,0.9999999999999999,0.7234,0.7234,0.7171581634688953,0.7295560348212373,0.71935,0.99395,0.9774,0.9774,0.97195,0.6694214876033058,nan,1.0,0.97775,0.7295,0.99965,1.0
56,INDEPENDENT,0.8,20000,1.0,0.9998079639438954,0.9999999999999999,0.72565,0.72565,0.7194233981269161,0.7317899360009638,0.7217,0.99395,0.97685,0.97685,0.97135,0.6528925619834711,nan,1.0,0.9772,0.7316,0.99965,1.0
56,INDEPENDENT,0.85,20000,1.0,0.9998079639438954,0.9999999999999999,0.72845,0.72845,0.7222426326579954,0.7345696260679704,0.72435,0.99395,0.9764,0.9764,0.97095,0.6776859504132231,nan,1.0,0.97675,0.73545,0.99965,1.0
56,INDEPENDENT,0.9,20000,1.0,0.9998079639438954,0.9999999999999999,0.7232,0.7232,0.716956818779512,0.7293574563250428,0.71915,0.99395,0.97465,0.97465,0.96925,0.6694214876033058,nan,1.0,0.97505,0.73025,0.9996,1.0
56,WEAK_AXIS4,0.6,20000,1.0,0.9998079639438954,0.9999999999999999,0.7263,0.7263,0.7200778359334385,0.7324352485475685,0.7222,0.99395,0.9754,0.9754,0.96955,0.6776859504132231,nan,1.0,0.9755,0.7331,0.9999,1.0
56,WEAK_AXIS4,0.65,20000,1.0,0.9998079639438954,0.9999999999999999,0.7262,0.7262,0.7199771521202514,0.7323359707679669,0.72185,0.99395,0.9756,0.9756,0.96975,0.71900826446281,nan,1.0,0.9757,0.73255,0.9999,1.0
56,WEAK_AXIS4,0.7,20000,1.0,0.9998079639438954,0.9999999999999999,0.72375,0.72375,0.7175105204004707,0.7299035434644224,0.71915,0.99395,0.9736,0.9736,0.96785,0.7603305785123967,nan,1.0,0.9737,0.73145,0.9999,1.0
56,WEAK_AXIS4,0.75,20000,1.0,0.9998079639438954,0.9999999999999999,0.72625,0.72625,0.7200274939780061,0.7323856097066065,0.72175,0.99395,0.97325,0.97325,0.96765,0.743801652892562,nan,1.0,0.97345,0.73465,0.9998,1.0
56,WEAK_AXIS4,0.775,20000,1.0,0.9998079639438954,0.9999999999999999,0.72395,0.72395,0.7177118693489586,0.7301021177015121,0.71945,0.99395,0.97445,0.97445,0.9689,0.743801652892562,nan,1.0,0.97465,0.73185,0.9998,1.0
56,WEAK_AXIS4,0.8,20000,1.0,0.9998079639438954,0.9999999999999999,0.7217,0.7217,0.7154467828428855,0.7278680683698376,0.7174,0.99395,0.97445,0.97445,0.9689,0.7107438016528925,nan,1.0,0.97465,0.72875,0.9998,1.0
56,WEAK_AXIS4,0.85,20000,1.0,0.9998079639438954,0.9999999999999999,0.72345,0.72345,0.7172084998830532,0.7296056792034737,0.71935,0.99395,0.97415,0.97415,0.9686,0.6776859504132231,nan,1.0,0.97435,0.7303,0.9998,1.0
56,WEAK_AXIS4,0.9,20000,1.0,0.9998079639438954,0.9999999999999999,0.72445,0.72445,0.7182152485068422,0.7305985465075725,0.7204,0.99395,0.97465,0.97465,0.9691,0.6694214876033058,nan,1.0,0.97485,0.73115,0.9998,1.0
56,MODERATE_AXIS4,0.6,20000,1.0,0.9998079639438954,0.9999999999999999,0.72,0.72,0.7137355134191897,0.7261799907161243,0.71565,0.99395,0.9737,0.9737,0.96835,0.71900826446281,nan,1.0,0.974,0.7271,0.9996,1.0
56,MODERATE_AXIS4,0.65,20000,1.0,0.9998079639438954,0.9999999999999999,0.71855,0.71855,0.7122759886718812,0.7247400723679955,0.7143,0.99395,0.97545,0.97545,0.97015,0.7024793388429752,nan,1.0,0.97585,0.72535,0.99955,1.0
56,MODERATE_AXIS4,0.7,20000,1.0,0.9998079639438954,0.9999999999999999,0.7225,0.7225,0.7162521245411111,0.7286624194139224,0.7186,0.99395,0.97545,0.97545,0.9701,0.6446280991735537,nan,1.0,0.9758,0.72905,0.9996,1.0
56,MODERATE_AXIS4,0.75,20000,1.0,0.9998079639438954,0.9999999999999999,0.71675,0.71675,0.7104642761990873,0.7229524761705913,0.7131,0.99395,0.9739,0.9739,0.9685,0.6033057851239669,nan,1.0,0.97425,0.7238,0.9996,1.0
56,MODERATE_AXIS4,0.775,20000,1.0,0.9998079639438954,0.9999999999999999,0.71845,0.71845,0.712175334748509,0.724640764698579,0.7143,0.99395,0.97355,0.97355,0.9681,0.6859504132231405,nan,1.0,0.9739,0.72565,0.99965,1.0
56,MODERATE_AXIS4,0.8,20000,1.0,0.9998079639438954,0.9999999999999999,0.7202,0.7202,0.7139368334823016,0.7263785938385897,0.716,0.99395,0.97415,0.97415,0.9687,0.6942148760330579,nan,1.0,0.9745,0.72715,0.99965,1.0
56,MODERATE_AXIS4,0.85,20000,1.0,0.9998079639438954,0.9999999999999999,0.72,0.72,0.7137355134191897,0.7261799907161243,0.7156,0.99395,0.97425,0.97425,0.9688,0.7272727272727273,nan,1.0,0.9746,0.7278,0.99965,1.0
56,MODERATE_AXIS4,0.9,20000,1.0,0.9998079639438954,0.9999999999999999,0.71695,0.71695,0.7106655715139156,0.7231511040413405,0.71265,0.99395,0.9754,0.9754,0.97,0.7107438016528925,nan,1.0,0.97575,0.72395,0.9996,1.0
56,ADVERSARIAL_AXIS4_TOP10,NA,20000,1.0,1.0,1.0,0.56885,0.56885,0.5619739162322641,0.5756996404028103,0.56605,0.99395,0.82635,0.82635,0.82135,0.4628099173553719,nan,1.0,0.8266,0.6284,0.9997,1.0
64,INDEPENDENT,0.6,20000,1.0,0.9998079639438954,0.9999999999999999,0.72635,0.72635,0.7201281779865654,0.732484887290836,0.7215,0.99295,0.9748,0.9748,0.9681,0.6879432624113475,nan,1.0,0.975,0.7324,0.9998,1.0
64,INDEPENDENT,0.65,20000,1.0,0.9998079639438954,0.9999999999999999,0.72285,0.72285,0.7166044692945083,0.7290099402352858,0.71815,0.99295,0.9745,0.9745,0.96785,0.6666666666666666,nan,1.0,0.97475,0.7298,0.99975,1.0
64,INDEPENDENT,0.7,20000,1.0,0.9998079639438954,0.9999999999999999,0.7221,0.7221,0.7158494506096722,0.7282652469742061,0.7173,0.99295,0.9734,0.9734,0.9667,0.6808510638297872,nan,1.0,0.97365,0.7288,0.99975,1.0
64,INDEPENDENT,0.75,20000,1.0,0.9998079639438954,0.9999999999999999,0.723,0.723,0.7167554756369501,0.7291588762820271,0.71785,0.99295,0.9728,0.9728,0.96605,0.7304964539007093,nan,1.0,0.9731,0.7305,0.9997,1.0
64,INDEPENDENT,0.775,20000,1.0,0.9998079639438954,0.9999999999999999,0.72465,0.72465,0.7184166028874043,0.730797115312588,0.7196,0.99295,0.97415,0.97415,0.9673,0.7163120567375887,nan,1.0,0.97435,0.7317,0.9998,1.0
64,INDEPENDENT,0.8,20000,1.0,0.9998079639438954,0.9999999999999999,0.7221,0.7221,0.7158494506096722,0.7282652469742061,0.7169,0.99295,0.97355,0.97355,0.96665,0.7375886524822695,nan,1.0,0.9737,0.7295,0.99985,1.0
64,INDEPENDENT,0.85,20000,1.0,0.9998079639438954,0.9999999999999999,0.72485,0.72485,0.7186179588223433,0.7309956825632266,0.7196,0.99295,0.9738,0.9738,0.96695,0.7446808510638298,nan,1.0,0.97395,0.73265,0.99985,1.0
64,INDEPENDENT,0.9,20000,1.0,0.9998079639438954,0.9999999999999999,0.72495,0.72495,0.7187186373730322,0.7310949656053262,0.71975,0.99295,0.97385,0.97385,0.96705,0.7375886524822695,nan,1.0,0.974,0.73205,0.99985,1.0
64,WEAK_AXIS4,0.6,20000,1.0,0.9998079639438954,0.9999999999999999,0.72515,0.72515,0.7189199956415074,0.7312935305224285,0.72,0.99295,0.9771,0.9771,0.9704,0.7304964539007093,nan,1.0,0.9773,0.73065,0.9998,1.0
64,WEAK_AXIS4,0.65,20000,1.0,0.9998079639438954,0.9999999999999999,0.7202,0.7202,0.7139368334823016,0.7263785938385897,0.7153,0.99295,0.9775,0.9775,0.97085,0.6950354609929078,nan,1.0,0.9777,0.7267,0.9998,1.0
64,WEAK_AXIS4,0.7,20000,1.0,0.9998079639438954,0.9999999999999999,0.7237,0.7237,0.717460183405526,0.7298538996629728,0.71865,0.99295,0.9767,0.9767,0.97005,0.7163120567375887,nan,1.0,0.9769,0.7303,0.9998,1.0
64,WEAK_AXIS4,0.75,20000,1.0,0.9998079639438954,0.9999999999999999,0.7247,0.7247,0.7184669417253752,0.7308467572710114,0.71955,0.99295,0.9761,0.9761,0.9694,0.7304964539007093,nan,1.0,0.9763,0.7318,0.9998,1.0
64,WEAK_AXIS4,0.775,20000,1.0,0.9998079639438954,0.9999999999999999,0.72535,0.72535,0.7191213554669907,0.731492093882523,0.72025,0.99295,0.97595,0.97595,0.96925,0.723404255319149,nan,1.0,0.9761,0.7327,0.9998,1.0
64,WEAK_AXIS4,0.8,20000,1.0,0.9998079639438954,0.9999999999999999,0.72415,0.72415,0.717913219848162,0.7303006903878863,0.71925,0.99295,0.9756,0.9756,0.969,0.6950354609929078,nan,1.0,0.9758,0.73105,0.99975,1.0
64,WEAK_AXIS4,0.85,20000,1.0,0.9998079639438954,0.9999999999999999,0.7267,0.7267,0.7204805750952977,0.7328323557568645,0.7217,0.99295,0.97505,0.97505,0.9684,0.7092198581560284,nan,1.0,0.97525,0.73355,0.99975,1.0
64,WEAK_AXIS4,0.9,20000,1.0,0.9998079639438954,0.9999999999999999,0.7228,0.7228,0.716554134040176,0.7289602946932239,0.7176,0.99295,0.9755,0.9755,0.96885,0.7375886524822695,nan,1.0,0.9757,0.72995,0.99975,1.0
64,MODERATE_AXIS4,0.6,20000,1.0,0.9998079639438954,0.9999999999999999,0.7208,0.7208,0.7145408028648641,0.72697439401276,0.71555,0.99295,0.9748,0.9748,0.9681,0.7446808510638298,nan,1.0,0.97515,0.72705,0.99965,1.0
64,MODERATE_AXIS4,0.65,20000,1.0,0.9998079639438954,0.9999999999999999,0.7235,0.7235,0.7172588363939685,0.7296553234889529,0.7186,0.99295,0.97395,0.97395,0.96735,0.6950354609929078,nan,1.0,0.9743,0.72975,0.99965,1.0
64,MODERATE_AXIS4,0.7,20000,1.0,0.9998079639438954,0.9999999999999999,0.72085,0.72085,0.7145911342697816,0.7270240434042369,0.71565,0.99295,0.97445,0.97445,0.96785,0.7375886524822695,nan,1.0,0.9748,0.7276,0.99965,1.0
64,MODERATE_AXIS4,0.75,20000,1.0,0.9998079639438954,0.9999999999999999,0.7217,0.7217,0.7154467828428855,0.7278680683698376,0.7166,0.99295,0.9746,0.9746,0.96795,0.723404255319149,nan,1.0,0.97495,0.72895,0.99965,1.0
64,MODERATE_AXIS4,0.775,20000,1.0,0.9998079639438954,0.9999999999999999,0.7219,0.7219,0.7156481159562087,0.7280666584420921,0.71655,0.99295,0.9751,0.9751,0.9684,0.7588652482269503,nan,1.0,0.97535,0.72915,0.9997,1.0
64,MODERATE_AXIS4,0.8,20000,1.0,0.9998079639438954,0.9999999999999999,0.72275,0.72275,0.7165037988823908,0.7289106490546147,0.71725,0.99295,0.97535,0.97535,0.9687,0.7801418439716312,nan,1.0,0.9756,0.72995,0.9997,1.0
64,MODERATE_AXIS4,0.85,20000,1.0,0.9998079639438954,0.9999999999999999,0.7211,0.7211,0.7148427927335672,0.7272722889224232,0.7158,0.99295,0.9743,0.9743,0.96765,0.75177304964539,nan,1.0,0.97455,0.7281,0.99975,1.0
64,MODERATE_AXIS4,0.9,20000,1.0,0.9998079639438954,0.9999999999999999,0.7219,0.7219,0.7156481159562087,0.7280666584420921,0.7167,0.99295,0.9744,0.9744,0.9677,0.7375886524822695,nan,1.0,0.9746,0.729,0.9998,1.0
64,ADVERSARIAL_AXIS4_TOP10,NA,20000,1.0,1.0,1.0,0.52545,0.52545,0.5185252387183176,0.5323649866464267,0.522,0.99295,0.7669,0.7669,0.76205,0.48936170212765956,nan,1.0,0.76705,0.6018,0.9997,1.0
